Member_number,Recency,Frequency,Monetary,Segment_Name
2193,91,11,361.45,Hardcore
1793,26,10,345.1,Hardcore
3289,4,10,334.15,Hardcore
2433,3,7,316.81,Hardcore
2743,142,7,312.46,Hardcore
2811,310,6,305.72,At Risk
2990,140,9,303.61,Hardcore
3872,37,10,301.33,Hardcore
4753,52,6,301.1,Hardcore
2993,239,6,296.96,Hardcore
4509,31,6,290.74,Hardcore
4102,57,6,289.4,Hardcore
4437,31,9,285.6,Hardcore
1715,179,6,284.89,Hardcore
1169,380,9,284.8,At Risk
1265,88,7,279.99,Hardcore
2051,46,8,279.4,Hardcore
4494,58,9,277.9,Hardcore
2851,105,9,277.4,Hardcore
4679,50,7,277.18,Hardcore
2210,96,5,271.95,Hardcore
3245,22,5,271.8,Hardcore
3593,57,10,268.8,Hardcore
1098,48,7,267.62,Hardcore
1052,64,10,267.5,Hardcore
4293,91,7,265.7,Hardcore
2001,112,7,264.32,Hardcore
2736,4,7,262.2,Hardcore
4624,33,7,260.94,Hardcore
2706,88,8,260.9,Hardcore
2022,161,6,260.7,Hardcore
4628,20,7,260.6,Hardcore
1870,112,8,257.54,Hardcore
2517,18,9,256.25,Hardcore
3014,49,5,256.0,Hardcore
2632,98,9,254.8,Hardcore
4302,55,7,254.7,Hardcore
4137,4,9,254.04,Hardcore
3657,92,8,253.55,Hardcore
1905,73,9,253.51,Hardcore
4078,46,6,253.12,Hardcore
2918,19,8,252.6,Hardcore
3180,72,10,251.45,Hardcore
3251,4,7,248.12,Hardcore
3957,229,7,248.11,Potential
1654,51,9,247.84,Hardcore
4303,5,9,245.36,Hardcore
3761,95,8,245.1,Hardcore
1407,154,6,245.05,Hardcore
1866,52,7,244.5,Hardcore
3543,80,6,244.34,Hardcore
4683,98,9,244.05,Hardcore
3120,7,10,243.5,Hardcore
4831,47,7,242.65,Hardcore
4836,47,5,242.0,Hardcore
2184,23,8,241.86,Hardcore
2443,45,7,241.7,Hardcore
4280,24,5,241.6,Hardcore
3361,161,9,240.5,Hardcore
4272,207,9,240.4,Hardcore
2271,40,11,240.2,Hardcore
2625,42,10,239.96,Hardcore
3768,84,7,239.91,Hardcore
4338,80,11,239.75,Hardcore
2960,11,9,239.24,Hardcore
4234,150,6,237.4,Hardcore
2772,26,7,237.2,Hardcore
2794,92,7,236.4,Hardcore
2729,97,7,236.3,Hardcore
4328,123,3,236.0,Hardcore
1353,324,6,235.4,At Risk
4434,100,6,235.11,Hardcore
1565,16,6,234.79,Hardcore
1889,124,8,234.75,Hardcore
3048,20,6,234.0,Hardcore
3918,191,6,232.92,Hardcore
1787,60,3,232.7,Hardcore
4389,13,7,231.44,Hardcore
2344,13,6,230.0,Hardcore
3737,18,11,229.58,Hardcore
2870,66,5,228.6,Hardcore
3635,17,7,228.33,Hardcore
1761,89,7,228.22,Hardcore
3691,128,5,227.36,Hardcore
1862,116,5,225.65,Hardcore
4695,78,9,225.41,Hardcore
1065,47,6,225.4,Hardcore
1366,31,6,224.1,Hardcore
2524,25,10,223.95,Hardcore
2070,11,9,223.85,Hardcore
3531,123,5,223.5,Hardcore
3465,59,9,223.34,Hardcore
2440,194,9,223.29,Hardcore
2270,91,6,222.4,Hardcore
3752,131,6,222.36,Hardcore
1175,183,5,222.36,Hardcore
2138,301,7,221.86,At Risk
3050,15,9,221.55,Hardcore
3535,120,5,221.5,Hardcore
3822,96,5,221.47,Hardcore
4875,65,8,221.4,Hardcore
3246,125,8,221.4,Hardcore
2394,38,10,221.0,Hardcore
3221,184,9,220.9,Hardcore
1651,13,7,220.35,Hardcore
1259,33,6,220.04,Hardcore
2738,51,7,220.0,Hardcore
1949,161,6,219.8,Hardcore
1090,70,3,219.2,Hardcore
1677,21,5,219.0,Hardcore
2779,3,6,218.15,Hardcore
3495,42,8,217.85,Hardcore
1379,170,11,217.85,Hardcore
4417,226,4,217.2,Potential
1522,371,7,216.19,At Risk
2855,52,8,215.0,Hardcore
3776,165,6,214.9,Hardcore
1038,16,6,214.2,Hardcore
3830,73,9,214.05,Hardcore
3651,75,6,213.56,Hardcore
4636,264,4,213.55,Potential
4243,130,6,213.34,Hardcore
2758,41,9,212.9,Hardcore
3201,33,6,212.4,Hardcore
4235,11,7,211.84,Hardcore
3225,18,7,211.7,Hardcore
4666,28,6,210.57,Hardcore
2229,8,8,210.51,Hardcore
3960,70,7,210.1,Hardcore
2492,50,7,209.84,Hardcore
1466,29,9,209.8,Hardcore
2789,212,8,209.6,Potential
1136,57,9,209.06,Hardcore
3732,24,7,209.02,Hardcore
2663,70,9,208.82,Hardcore
2512,119,6,208.22,Hardcore
1051,50,6,207.36,Hardcore
3484,39,10,207.32,Hardcore
4789,110,5,207.05,Hardcore
1819,12,5,206.9,Hardcore
4486,28,6,206.66,Hardcore
3973,119,6,205.9,Hardcore
1574,148,10,205.7,Hardcore
4800,6,5,205.6,Hardcore
3248,194,10,205.44,Potential
1625,33,7,205.26,Hardcore
2251,190,5,205.0,Potential
1004,28,8,204.96,Hardcore
3562,0,5,204.76,Hardcore
1940,42,5,204.15,Hardcore
2447,2,7,204.0,Hardcore
4523,63,6,203.95,Hardcore
3416,45,5,203.8,Hardcore
3164,91,6,203.76,Hardcore
1430,13,6,203.6,Hardcore
2426,113,7,203.5,Hardcore
4499,62,6,203.26,Hardcore
1609,13,6,203.1,Hardcore
2511,169,8,202.74,Hardcore
2294,98,9,202.0,Hardcore
2549,128,7,201.92,Hardcore
3946,41,5,201.7,Hardcore
2033,319,4,201.5,At Risk
4828,80,7,201.41,Hardcore
1991,21,9,201.2,Hardcore
1653,23,6,201.0,Hardcore
4656,5,9,200.3,Hardcore
3922,124,5,200.25,Hardcore
3950,25,5,200.0,Hardcore
1182,31,6,199.82,Hardcore
1983,143,7,199.6,Hardcore
4756,103,6,198.5,Hardcore
1312,226,6,197.8,Potential
1890,217,4,197.2,Potential
2601,69,6,197.0,Hardcore
3119,185,6,196.8,Potential
3499,240,8,196.03,Potential
1913,134,5,195.7,Hardcore
1360,14,5,195.2,Hardcore
4487,163,7,194.7,Hardcore
2555,7,7,194.4,Hardcore
1218,1,7,194.2,Hardcore
4941,319,9,194.04,At Risk
1087,138,9,193.82,Hardcore
2650,38,4,193.71,Hardcore
1979,39,8,193.7,Hardcore
3855,28,8,193.5,Hardcore
4236,35,4,193.4,Hardcore
4512,9,6,193.2,Hardcore
1785,9,7,193.0,Hardcore
1921,49,7,193.0,Hardcore
1336,270,3,192.85,Potential
1618,150,7,192.72,Hardcore
3915,91,10,192.63,Hardcore
2716,98,7,192.1,Hardcore
1567,263,4,192.08,Potential
2346,104,5,191.9,Hardcore
3709,65,5,191.84,Hardcore
4257,131,6,191.75,Hardcore
3462,45,9,191.48,Hardcore
4218,88,4,191.35,Hardcore
3983,112,2,191.1,Hardcore
3879,27,7,191.05,Hardcore
1452,35,6,191.04,Hardcore
1465,51,7,190.96,Hardcore
4783,69,7,190.16,Hardcore
2408,112,7,189.93,Hardcore
3763,186,5,189.9,Potential
4510,118,7,189.76,Hardcore
4187,63,8,189.73,Hardcore
4292,25,7,189.7,Hardcore
4958,172,5,189.7,Hardcore
3938,152,7,189.62,Hardcore
1438,32,6,188.94,Hardcore
4330,191,6,188.9,Potential
3405,261,4,188.1,Potential
2996,95,6,187.8,Hardcore
3031,12,5,187.8,Hardcore
2171,118,6,187.5,Hardcore
3877,104,6,187.4,Hardcore
1013,89,8,186.75,Hardcore
2230,216,4,186.6,Potential
4316,353,8,186.46,At Risk
1777,27,7,185.9,Hardcore
1934,146,5,185.8,Hardcore
1887,51,7,185.8,Hardcore
3115,427,7,185.54,At Risk
2690,56,7,185.5,Hardcore
1410,52,10,184.45,Hardcore
1170,29,7,184.44,Hardcore
3633,1,5,184.44,Hardcore
4351,131,4,184.4,Hardcore
1554,223,5,183.5,Potential
1216,127,4,183.2,Hardcore
4197,57,6,183.1,Hardcore
1888,207,6,183.1,Potential
3584,13,7,183.1,Hardcore
1006,199,4,182.94,Potential
1792,137,3,182.84,Hardcore
1220,1,5,182.45,Hardcore
4671,151,8,182.45,Hardcore
2086,211,6,182.4,Potential
1572,100,7,182.1,Hardcore
1023,185,6,182.0,Potential
3402,136,9,181.52,Hardcore
1734,170,6,181.0,Potential
1287,124,5,180.92,Hardcore
3909,324,6,180.86,At Risk
1908,157,10,180.64,Hardcore
2017,68,7,180.4,Hardcore
2839,60,3,180.3,Hardcore
4826,198,6,180.3,Potential
4130,54,6,180.2,Hardcore
4867,62,5,180.0,Hardcore
2120,84,7,180.0,Hardcore
4589,22,5,179.9,Hardcore
1932,114,9,179.8,Hardcore
4540,71,5,179.76,Hardcore
1129,374,5,179.64,At Risk
1324,3,5,179.2,Hardcore
4742,45,4,179.1,Hardcore
1649,31,7,178.7,Hardcore
2629,24,5,178.54,Hardcore
2370,109,7,178.26,Hardcore
3028,204,6,178.2,Potential
2857,256,6,177.8,Potential
3467,6,6,177.76,Hardcore
2380,82,6,177.75,Hardcore
3483,38,6,177.66,Hardcore
4473,114,4,177.5,Hardcore
2834,4,4,177.32,Hardcore
3649,192,7,177.2,Potential
2178,10,5,177.1,Hardcore
3165,33,5,177.1,Hardcore
4086,410,5,176.95,At Risk
2151,92,5,176.94,Hardcore
3442,46,5,176.3,Hardcore
3581,5,7,176.2,Hardcore
4588,52,5,176.2,Hardcore
4380,57,4,175.9,Hardcore
1494,92,6,175.74,Hardcore
1435,250,5,175.55,Potential
4747,128,5,175.42,Hardcore
4049,151,3,174.9,Hardcore
1729,15,6,174.7,Hardcore
1395,79,8,174.64,Hardcore
3579,0,5,174.6,Hardcore
1510,66,7,174.51,Hardcore
4584,28,5,174.3,Hardcore
1118,5,6,173.4,Hardcore
4096,184,4,173.0,Potential
2659,22,5,172.97,Hardcore
1477,40,6,172.9,Hardcore
4952,69,7,172.5,Hardcore
4937,185,7,172.04,Potential
3380,49,6,171.9,Hardcore
4799,252,7,171.85,Potential
4412,10,6,171.56,Hardcore
3429,184,6,171.52,Potential
1595,86,7,171.5,Hardcore
1208,14,5,171.46,Hardcore
2810,0,6,171.4,Hardcore
3821,361,4,171.1,At Risk
3971,0,5,171.03,Hardcore
3832,166,5,170.96,Potential
2222,2,7,170.95,Hardcore
3920,234,4,170.9,Potential
2077,229,4,170.9,Potential
2718,201,8,170.72,Potential
4430,28,5,170.7,Hardcore
3629,261,6,170.5,Potential
1608,47,6,170.12,Hardcore
4112,247,5,170.0,Potential
2133,147,7,169.96,Hardcore
3827,57,6,169.73,Hardcore
3346,233,3,169.7,Potential
2202,93,6,169.45,Hardcore
1483,186,8,169.22,Potential
4353,128,6,169.0,Hardcore
1456,40,6,168.74,Hardcore
3862,42,6,168.55,Hardcore
2079,164,5,168.41,Potential
1998,226,9,168.05,Potential
1198,333,3,167.9,At Risk
1245,26,7,167.71,Hardcore
4804,3,6,167.54,Hardcore
3474,127,7,167.4,Hardcore
2568,82,7,167.3,Hardcore
3437,331,6,167.22,At Risk
2746,215,7,167.15,Potential
2847,37,6,167.0,Hardcore
2298,85,8,166.8,Hardcore
4657,137,5,166.8,Hardcore
1248,15,8,166.65,Hardcore
4601,15,7,166.65,Hardcore
2389,47,6,166.19,Hardcore
3299,305,4,166.1,At Risk
3358,276,5,165.9,Potential
3247,59,7,165.9,Hardcore
2560,34,6,165.52,Hardcore
4220,39,5,165.5,Hardcore
1419,267,5,165.5,Potential
2059,479,4,165.35,Lost
4433,219,5,165.2,Potential
2381,227,7,165.02,Potential
4999,4,6,164.86,Hardcore
1613,127,7,164.7,Hardcore
1385,34,5,164.7,Hardcore
1782,81,6,164.2,Hardcore
2234,6,6,164.2,Hardcore
2928,99,4,164.0,Hardcore
3308,68,9,163.94,Hardcore
2868,26,8,163.9,Hardcore
2618,27,5,163.9,Hardcore
3046,42,6,163.8,Hardcore
1460,189,3,163.7,Potential
1711,38,8,163.66,Hardcore
1444,1,6,163.32,Hardcore
4165,134,8,163.15,Hardcore
2550,7,7,163.14,Hardcore
4153,156,7,163.0,Potential
4699,151,6,162.93,Hardcore
3182,76,5,162.9,Hardcore
2946,56,8,162.74,Hardcore
4946,56,5,162.5,Hardcore
3959,86,6,162.5,Hardcore
4735,273,5,162.1,Potential
4251,9,6,161.99,Hardcore
3369,1,5,161.84,Hardcore
2694,36,6,161.76,Hardcore
2799,111,8,161.7,Hardcore
1859,216,5,161.4,Potential
2089,60,7,161.3,Hardcore
3684,139,6,161.3,Hardcore
1190,64,8,161.1,Hardcore
3779,50,6,161.05,Hardcore
1237,265,7,160.8,Potential
1855,51,4,160.65,Hardcore
4594,190,7,160.6,Potential
1959,17,7,160.6,Hardcore
4495,14,7,160.55,Hardcore
4376,38,10,160.32,Hardcore
2755,227,6,160.3,Potential
3766,52,3,160.12,Hardcore
1620,132,5,160.1,Hardcore
2599,38,4,160.1,Hardcore
4825,45,6,160.0,Hardcore
4321,64,6,159.6,Hardcore
1404,241,5,159.5,Potential
3926,132,6,159.42,Hardcore
1708,2,4,159.4,Hardcore
4576,104,4,159.4,Hardcore
2713,134,5,159.3,Hardcore
2093,201,6,159.3,Potential
1999,128,4,159.24,Hardcore
2499,38,5,159.22,Hardcore
4667,127,8,159.0,Hardcore
3682,79,6,158.98,Hardcore
2348,19,6,158.91,Hardcore
2600,14,7,158.9,Hardcore
3517,19,8,158.74,Hardcore
3608,33,4,158.66,Hardcore
1827,182,9,158.6,Potential
2365,192,5,158.6,Potential
3663,40,8,158.5,Hardcore
3847,27,5,158.1,Hardcore
4708,89,5,157.8,Hardcore
1931,82,6,157.7,Hardcore
1583,37,6,157.65,Hardcore
1146,109,7,157.52,Hardcore
2723,57,4,157.5,Hardcore
4155,97,6,157.5,Hardcore
1116,31,8,157.4,Hardcore
2573,361,5,157.4,At Risk
4261,317,5,157.25,At Risk
4364,6,9,157.05,Hardcore
2435,92,5,157.05,Hardcore
1737,116,6,156.95,Hardcore
4721,177,8,156.9,Potential
3509,175,4,156.6,Potential
2363,66,4,156.6,Hardcore
4585,93,5,156.55,Hardcore
4028,175,4,156.5,Potential
2209,88,5,156.4,Hardcore
2765,30,5,156.25,Hardcore
1241,222,4,156.22,Potential
3082,96,10,156.15,Hardcore
2142,188,5,156.0,Potential
3898,131,4,156.0,Hardcore
1231,64,7,156.0,Hardcore
4745,6,7,155.98,Hardcore
1110,40,7,155.9,Hardcore
1008,88,2,155.9,Hardcore
4324,359,4,155.8,At Risk
2578,29,7,155.76,Hardcore
2232,238,5,155.7,Potential
1682,59,7,155.66,Hardcore
2164,36,9,155.6,Hardcore
2787,189,6,155.6,Potential
3560,92,7,155.6,Hardcore
3642,309,3,155.25,At Risk
1706,138,4,155.0,Hardcore
1832,43,6,154.75,Hardcore
4453,129,8,154.6,Hardcore
3856,272,6,154.6,Potential
3956,376,6,154.44,At Risk
1296,37,6,154.34,Hardcore
2374,190,5,154.3,Potential
3398,294,4,154.3,At Risk
4947,42,5,154.25,Hardcore
2400,283,4,154.15,At Risk
2584,249,8,153.97,Potential
4566,122,6,153.96,Hardcore
2031,307,4,153.9,At Risk
1235,215,8,153.88,Potential
4526,128,9,153.76,Hardcore
1197,38,6,153.6,Hardcore
2957,33,7,153.56,Hardcore
1373,164,3,153.4,Potential
2961,44,6,153.36,Hardcore
1534,139,4,153.31,Hardcore
3148,277,4,153.16,Potential
4524,4,8,153.0,Hardcore
4468,198,4,152.8,Potential
2648,52,5,152.7,Hardcore
1275,73,10,152.56,Hardcore
4694,42,8,152.54,Hardcore
2814,70,7,152.42,Hardcore
1422,87,7,152.4,Hardcore
4018,43,7,152.1,Hardcore
3603,334,4,152.04,At Risk
4788,246,5,152.02,Potential
3276,183,4,151.8,Potential
1504,30,5,151.7,Hardcore
1646,124,7,151.66,Hardcore
2267,49,6,151.6,Hardcore
4002,118,6,151.55,Hardcore
4967,98,5,151.4,Hardcore
2100,78,6,151.14,Hardcore
4312,16,5,151.06,Hardcore
1624,8,3,151.0,Hardcore
1621,313,5,150.72,At Risk
4548,153,7,150.7,Potential
4215,183,4,150.7,Potential
3812,47,8,150.65,Hardcore
4864,26,10,150.58,Hardcore
3287,331,4,150.45,At Risk
3545,30,4,150.4,Hardcore
2421,38,7,150.3,Hardcore
2466,81,4,150.2,Hardcore
3393,53,6,150.14,Hardcore
1997,2,6,150.12,Hardcore
4045,8,4,149.9,Hardcore
3322,80,6,149.8,Hardcore
1094,113,8,149.79,Hardcore
2952,35,5,149.36,Hardcore
2357,98,7,149.35,Hardcore
2612,213,7,149.25,Potential
3692,73,5,149.1,Hardcore
1061,116,5,149.1,Hardcore
4759,313,2,148.85,At Risk
3472,244,3,148.8,Potential
2547,36,5,148.6,Hardcore
2144,359,5,148.6,At Risk
2835,82,7,148.52,Hardcore
2045,23,7,148.4,Hardcore
3389,135,5,148.4,Hardcore
4044,29,4,148.4,Hardcore
3547,32,3,148.09,Hardcore
3077,121,6,148.01,Hardcore
3558,102,4,148.0,Hardcore
3783,191,7,148.0,Potential
1602,123,7,148.0,Hardcore
3511,45,7,147.94,Hardcore
3701,247,4,147.68,Potential
4877,54,6,147.41,Hardcore
3438,3,6,147.35,Hardcore
2383,86,5,147.29,Hardcore
3207,34,4,147.2,Hardcore
4773,51,7,147.1,Hardcore
4734,38,3,147.1,Hardcore
3948,198,5,147.02,Potential
2041,97,7,146.7,Hardcore
3582,196,6,146.61,Potential
1329,221,5,146.6,Potential
1865,27,6,146.6,Hardcore
1229,285,3,146.4,At Risk
4778,128,5,146.4,Hardcore
2117,53,3,146.28,Hardcore
4388,285,4,146.25,At Risk
1509,0,6,146.2,Hardcore
3175,37,6,146.2,Hardcore
2069,181,5,146.1,Potential
3194,241,6,145.8,Potential
1566,41,9,145.76,Hardcore
4297,64,8,145.52,Hardcore
1333,99,6,145.5,Hardcore
1659,30,7,145.5,Hardcore
4685,56,6,145.5,Hardcore
2602,19,6,145.44,Hardcore
1811,98,7,145.3,Hardcore
2056,36,6,145.23,Hardcore
3090,56,9,145.22,Hardcore
4851,10,5,145.2,Hardcore
4030,8,5,145.05,Hardcore
1264,23,6,145.0,Hardcore
4953,81,4,144.9,Hardcore
2997,0,5,144.87,Hardcore
3774,13,4,144.7,Hardcore
1283,47,7,144.7,Hardcore
3508,137,7,144.61,Hardcore
4275,110,5,144.6,Hardcore
2745,245,6,144.6,Potential
3507,50,7,144.4,Hardcore
1120,95,6,144.39,Hardcore
3101,13,6,144.1,Hardcore
2854,325,4,144.02,At Risk
4807,195,6,144.0,Potential
3071,200,4,143.85,Potential
4391,279,6,143.84,Potential
1133,149,5,143.82,Potential
2582,46,2,143.8,Hardcore
3727,225,5,143.8,Potential
4267,81,6,143.7,Hardcore
4442,32,5,143.7,Hardcore
3688,68,3,143.66,Hardcore
4424,75,3,143.65,Hardcore
4681,110,4,143.62,Hardcore
1484,84,3,143.6,Hardcore
3266,66,7,143.55,Hardcore
2369,74,4,143.5,Hardcore
3505,80,6,143.2,Hardcore
3045,279,4,143.15,Potential
2836,1,5,143.12,Hardcore
4557,72,4,143.0,Hardcore
4024,75,6,142.9,Hardcore
4592,22,6,142.9,Hardcore
4325,77,4,142.7,Hardcore
4564,56,6,142.26,Hardcore
3410,62,7,142.24,Hardcore
1839,82,5,142.2,Hardcore
2403,29,4,142.1,Hardcore
1204,160,7,142.1,Potential
3803,7,6,142.05,Hardcore
2272,116,6,142.0,Hardcore
1584,173,5,141.95,Potential
3337,203,5,141.86,Potential
2244,276,6,141.8,Potential
2654,35,6,141.7,Hardcore
3002,139,5,141.6,Potential
4797,179,5,141.6,Potential
4916,304,5,141.5,At Risk
3116,385,5,141.4,At Risk
4445,29,6,141.2,Hardcore
1894,88,4,141.2,Hardcore
3518,65,6,140.95,Hardcore
1943,91,5,140.86,Hardcore
2454,50,7,140.7,Hardcore
1322,72,4,140.64,Hardcore
2687,107,4,140.6,Hardcore
2293,11,8,140.56,Hardcore
4541,256,4,140.4,Potential
3718,73,6,140.4,Hardcore
1821,223,3,140.2,Potential
2964,141,5,140.2,Potential
3571,19,6,140.2,Hardcore
3072,205,5,140.15,Potential
4832,27,5,140.02,Hardcore
2040,84,6,140.0,Hardcore
3809,281,4,139.9,At Risk
2018,127,5,139.6,Hardcore
1341,61,4,139.4,Hardcore
1457,355,6,139.4,At Risk
2399,321,5,139.3,At Risk
2042,41,6,139.24,Hardcore
4661,234,7,139.1,Potential
3741,39,4,139.1,Hardcore
3621,58,7,139.05,Hardcore
1239,121,7,139.0,Hardcore
3819,185,2,138.8,Potential
4972,327,6,138.7,At Risk
3526,126,5,138.63,Hardcore
1081,241,5,138.6,Potential
2375,21,5,138.6,Hardcore
4202,28,6,138.4,Hardcore
4301,10,4,138.26,Hardcore
2289,56,7,137.84,Hardcore
4746,21,6,137.8,Hardcore
2066,223,4,137.7,Potential
1416,130,6,137.7,Hardcore
2310,281,4,137.68,At Risk
4951,36,6,137.6,Hardcore
3670,378,4,137.55,At Risk
1939,61,5,137.52,Hardcore
3498,274,4,137.5,Potential
4092,91,4,137.5,Hardcore
3170,27,3,137.4,Hardcore
3677,30,5,137.15,Hardcore
4262,75,7,137.1,Hardcore
1917,154,5,137.0,Potential
3904,233,3,137.0,Potential
3469,224,5,137.0,Potential
2432,18,7,137.0,Hardcore
1327,143,8,136.92,Potential
1157,452,2,136.9,At Risk
3481,87,4,136.8,Hardcore
4131,276,4,136.8,Potential
2484,140,5,136.75,Potential
3427,246,4,136.7,Potential
3844,104,7,136.6,Hardcore
3841,164,6,136.38,Potential
1165,1,4,136.2,Hardcore
1542,145,6,136.2,Potential
3292,108,3,136.2,Hardcore
3687,8,5,136.09,Hardcore
4222,3,4,135.99,Hardcore
4574,30,6,135.9,Hardcore
3347,208,5,135.8,Potential
1623,58,5,135.7,Hardcore
4082,243,5,135.7,Potential
2254,340,5,135.7,At Risk
4299,138,6,135.69,Potential
3489,42,5,135.6,Hardcore
1561,158,7,135.55,Potential
2760,144,9,135.4,Potential
4108,94,5,135.35,Hardcore
3782,330,7,135.34,At Risk
4335,25,7,135.32,Hardcore
1798,363,8,135.2,At Risk
2645,186,8,135.1,Potential
3414,68,4,135.0,Hardcore
3749,296,4,134.98,At Risk
4572,62,5,134.8,Hardcore
2437,45,5,134.7,Hardcore
3942,50,8,134.61,Hardcore
4418,87,4,134.6,Hardcore
4356,29,3,134.5,Hardcore
2595,341,5,134.45,At Risk
4056,71,6,134.45,Hardcore
2340,32,7,134.4,Hardcore
2028,10,6,134.29,Hardcore
4988,10,5,134.2,Hardcore
3522,98,2,134.2,Hardcore
4567,89,6,134.0,Hardcore
2784,47,5,133.95,Hardcore
4992,193,4,133.9,Potential
2415,144,4,133.9,Potential
3617,257,5,133.9,Potential
4633,135,4,133.8,Potential
4820,23,7,133.8,Hardcore
2771,126,3,133.7,Hardcore
1733,190,4,133.6,Potential
4138,81,5,133.39,Hardcore
2849,36,5,133.35,Hardcore
4441,51,6,133.3,Hardcore
2978,35,5,133.3,Hardcore
1144,76,7,133.25,Hardcore
1817,131,5,133.2,Hardcore
3878,155,5,133.0,Potential
2785,73,5,132.96,Hardcore
4006,12,4,132.81,Hardcore
3186,35,5,132.8,Hardcore
2540,300,6,132.7,At Risk
2769,152,5,132.63,Potential
3325,31,5,132.62,Hardcore
1619,62,4,132.61,Hardcore
3144,136,4,132.52,Potential
3743,238,6,132.5,Potential
3679,7,6,132.39,Hardcore
4104,30,7,132.35,Hardcore
3268,54,7,132.27,Hardcore
1726,4,5,132.1,Hardcore
3881,267,5,132.05,Potential
1342,314,5,132.05,At Risk
1616,22,6,132.0,Hardcore
3963,104,5,131.85,Hardcore
3166,246,6,131.8,Potential
3843,74,4,131.8,Hardcore
3181,17,6,131.7,Hardcore
4156,149,4,131.64,Potential
3557,163,4,131.63,Potential
3450,6,7,131.56,Hardcore
1356,113,4,131.44,Hardcore
2284,287,4,131.4,At Risk
2747,122,6,131.3,Hardcore
2252,83,6,131.17,Hardcore
4252,264,3,131.16,Potential
4288,47,5,131.0,Hardcore
3025,72,4,131.0,Hardcore
2944,332,4,130.9,At Risk
1540,34,4,130.9,Hardcore
4258,19,5,130.7,Hardcore
1507,191,5,130.6,Potential
4266,152,5,130.5,Potential
4163,214,6,130.5,Potential
3258,224,6,130.34,Potential
4503,11,5,130.3,Hardcore
3284,41,7,130.2,Hardcore
2523,179,5,130.06,Potential
4124,112,7,130.05,Hardcore
4211,470,5,130.0,Lost
2676,53,5,129.9,Hardcore
2825,1,5,129.9,Hardcore
3128,122,4,129.8,Hardcore
1948,127,6,129.75,Hardcore
1027,227,4,129.7,Potential
4277,24,7,129.66,Hardcore
4129,53,7,129.64,Hardcore
3497,36,5,129.4,Hardcore
4525,84,6,129.4,Hardcore
1107,90,8,129.38,Hardcore
4337,65,3,129.34,Hardcore
1062,103,5,129.32,Hardcore
2452,141,3,129.16,Potential
2356,121,5,129.0,Hardcore
4692,64,4,129.0,Hardcore
3500,162,5,128.95,Potential
4095,1,3,128.9,Hardcore
4637,230,5,128.9,Potential
2215,34,7,128.8,Hardcore
4427,333,5,128.7,At Risk
4485,158,4,128.55,Potential
4340,5,6,128.5,Hardcore
4515,198,7,128.5,Potential
3232,12,7,128.45,Hardcore
2315,10,7,128.42,Hardcore
2186,120,6,128.25,Hardcore
4169,36,6,128.2,Hardcore
3081,463,5,128.03,At Risk
1606,49,4,128.0,Hardcore
2194,208,5,127.91,Potential
1758,307,3,127.84,At Risk
1759,95,3,127.8,Hardcore
2757,14,3,127.8,Hardcore
2504,138,5,127.7,Potential
4546,118,4,127.7,Hardcore
1878,33,9,127.61,Hardcore
3354,31,6,127.6,Hardcore
1500,284,6,127.52,At Risk
2860,10,6,127.48,Hardcore
4780,102,7,127.22,Hardcore
1668,131,4,127.2,Potential
4194,233,6,127.2,Potential
4880,475,2,127.1,Lost
3294,180,6,127.05,Potential
4164,461,4,127.05,At Risk
1225,224,7,127.0,Potential
2160,85,6,126.96,Hardcore
4160,140,6,126.92,Potential
1929,173,7,126.9,Potential
2617,222,7,126.85,Potential
2475,50,6,126.8,Hardcore
4107,45,4,126.65,Hardcore
3954,323,2,126.5,At Risk
1783,176,6,126.24,Potential
1853,213,4,126.1,Potential
4182,131,6,126.1,Potential
1289,52,4,125.9,Hardcore
1740,404,7,125.8,At Risk
1690,131,6,125.8,Potential
4776,66,4,125.7,Hardcore
1703,312,3,125.6,At Risk
2692,82,3,125.6,Hardcore
2507,0,4,125.6,Loyal
4718,117,3,125.49,Hardcore
3903,85,6,125.4,Hardcore
2950,81,6,125.34,Hardcore
3504,55,4,125.28,Hardcore
2597,137,7,125.25,Potential
3613,86,4,125.24,Hardcore
3769,306,4,125.15,At Risk
4569,156,3,125.14,Potential
1242,16,6,125.11,Loyal
4110,32,6,124.95,Loyal
4938,20,6,124.87,Loyal
1523,277,3,124.75,Potential
3297,223,5,124.7,Potential
4117,20,6,124.64,Loyal
3655,317,2,124.6,At Risk
1050,240,6,124.6,Potential
1753,131,7,124.5,Potential
1286,140,7,124.45,Potential
2465,3,2,124.3,Loyal
1343,59,4,124.22,Hardcore
4223,84,7,124.2,Hardcore
1126,227,3,124.2,Potential
4719,2,7,124.1,Loyal
2907,376,7,124.05,At Risk
4580,31,2,124.02,Loyal
3539,340,6,124.0,At Risk
2580,43,5,124.0,Loyal
3102,26,4,123.86,Loyal
1269,91,5,123.62,Hardcore
4853,87,5,123.6,Hardcore
3054,185,7,123.6,Potential
2707,73,7,123.56,Hardcore
4362,172,6,123.55,Potential
2534,52,6,123.52,Loyal
3460,36,4,123.5,Loyal
3041,106,5,123.49,Hardcore
1497,81,4,123.42,Hardcore
3683,25,5,123.12,Loyal
3042,3,7,123.1,Loyal
3863,200,6,122.92,Potential
4191,57,6,122.8,Loyal
3910,12,4,122.74,Loyal
4760,272,4,122.7,Potential
3298,218,4,122.7,Potential
3900,10,5,122.64,Loyal
1768,117,7,122.61,Hardcore
4736,162,4,122.6,Potential
1501,135,4,122.6,Potential
2303,518,3,122.6,Lost
4336,81,6,122.5,Hardcore
3794,34,4,122.4,Loyal
2167,22,4,122.4,Loyal
4643,28,6,122.15,Loyal
3911,129,6,122.04,Potential
2672,34,5,121.8,Loyal
2510,92,4,121.8,Hardcore
4448,358,5,121.7,At Risk
1692,185,6,121.65,Potential
3814,162,3,121.64,Potential
2307,184,4,121.62,Potential
2850,278,4,121.6,At Risk
3549,151,8,121.6,Potential
3360,46,3,121.6,Loyal
2494,118,4,121.4,Hardcore
4623,175,7,121.4,Potential
4886,338,4,121.31,At Risk
1209,414,4,121.29,At Risk
2321,197,4,121.2,Potential
4968,47,3,121.2,Loyal
2338,22,3,121.2,Loyal
1114,173,6,121.12,Potential
4179,284,3,121.1,At Risk
1823,33,3,120.9,Loyal
1549,287,3,120.85,At Risk
2336,84,4,120.84,Loyal
4073,58,5,120.75,Loyal
3044,92,7,120.62,Loyal
2157,62,4,120.56,Loyal
1971,103,3,120.55,Hardcore
4190,3,9,120.49,Loyal
1294,373,5,120.4,At Risk
3597,17,3,120.3,Loyal
3328,76,4,120.12,Loyal
3689,154,4,120.1,Potential
3835,105,7,120.05,Hardcore
3967,37,7,119.99,Loyal
3600,34,6,119.92,Loyal
4019,124,8,119.9,Potential
3786,233,5,119.9,Potential
3699,18,3,119.8,Loyal
4170,172,5,119.65,Potential
3962,101,5,119.65,Loyal
1636,25,6,119.6,Loyal
2552,359,5,119.52,At Risk
3296,135,5,119.5,Potential
3891,38,5,119.49,Loyal
4766,92,4,119.26,Loyal
4147,105,4,119.1,Loyal
1780,78,5,119.05,Loyal
3947,200,5,119.0,Potential
3604,226,6,119.0,Potential
4091,2,6,118.95,Loyal
2004,131,5,118.8,Potential
4962,276,5,118.8,Potential
1148,94,6,118.76,Loyal
4505,257,5,118.75,Potential
4743,179,5,118.64,Potential
3818,13,5,118.6,Loyal
4550,51,6,118.6,Loyal
1160,40,6,118.51,Loyal
1628,41,6,118.4,Loyal
1330,58,4,118.4,Loyal
1895,402,6,118.38,At Risk
3160,238,5,118.26,Potential
1347,106,4,118.2,Loyal
4556,135,4,118.2,Potential
4440,29,6,118.2,Loyal
3931,297,5,118.1,At Risk
3067,33,5,118.08,Loyal
3300,85,4,117.95,Loyal
4787,140,6,117.9,Potential
4779,51,7,117.9,Loyal
4722,14,5,117.9,Loyal
2840,145,6,117.9,Potential
2166,20,6,117.75,Loyal
3476,185,6,117.68,Potential
4305,159,6,117.66,Potential
2201,222,4,117.65,Potential
1741,10,6,117.6,Loyal
1022,571,3,117.5,Lost
3122,60,9,117.42,Loyal
2715,177,6,117.4,Potential
3141,44,7,117.4,Loyal
3356,221,6,117.3,Potential
2311,59,6,117.2,Loyal
3829,150,3,117.2,Potential
2869,20,4,117.1,Loyal
3444,631,2,117.06,Lost
3189,37,7,117.04,Loyal
1632,15,6,117.04,Loyal
4470,7,5,117.0,Loyal
3200,273,4,116.9,Potential
2063,33,6,116.9,Loyal
4563,186,5,116.8,Potential
3396,230,5,116.8,Potential
2652,4,3,116.69,Loyal
3488,9,3,116.65,Loyal
4537,10,6,116.5,Loyal
4669,188,5,116.48,Potential
3804,192,4,116.32,Potential
2349,166,7,116.32,Potential
2816,80,8,116.3,Loyal
2885,41,5,116.0,Loyal
3620,195,4,116.0,Potential
3206,78,6,115.91,Loyal
1486,16,6,115.9,Loyal
1945,244,5,115.9,Potential
1513,48,3,115.8,Loyal
3523,51,7,115.55,Loyal
1674,26,4,115.55,Loyal
1930,45,6,115.3,Loyal
3637,8,3,115.3,Loyal
4289,83,3,115.3,Loyal
1482,38,6,115.28,Loyal
4071,76,4,115.26,Loyal
3785,501,4,115.2,Lost
4387,105,8,115.2,Loyal
1661,52,6,115.16,Loyal
2341,373,5,115.02,At Risk
1254,255,2,115.0,Potential
4152,195,5,115.0,Potential
1973,67,1,114.9,Loyal
2700,45,4,114.88,Loyal
1639,81,3,114.8,Loyal
4352,1,4,114.75,Loyal
4598,42,5,114.7,Loyal
2453,9,6,114.69,Loyal
1954,146,3,114.62,Potential
3435,417,5,114.6,At Risk
4426,207,7,114.5,Potential
1480,39,6,114.44,Loyal
1535,180,4,114.36,Potential
4652,266,4,114.3,Potential
1305,220,3,114.3,Potential
1178,45,4,114.24,Loyal
3113,195,5,114.1,Potential
4162,8,4,114.0,Loyal
3095,78,6,114.0,Loyal
4608,35,4,114.0,Loyal
4784,110,2,114.0,Loyal
3491,65,7,113.8,Loyal
1041,272,4,113.75,Potential
1493,90,6,113.7,Loyal
3111,7,6,113.7,Loyal
4150,126,4,113.7,Potential
3139,253,7,113.66,Potential
3204,236,5,113.62,Potential
2043,253,5,113.56,Potential
1162,146,5,113.5,Potential
4720,311,6,113.4,At Risk
2235,66,6,113.35,Loyal
3353,138,6,113.35,Potential
1658,118,5,113.3,Loyal
2035,7,3,113.22,Loyal
3552,119,5,113.16,Loyal
4178,47,7,113.15,Loyal
3719,13,6,113.1,Loyal
4933,306,9,113.05,At Risk
2863,541,3,113.0,Lost
1750,325,5,112.96,At Risk
1279,111,6,112.9,Loyal
3746,51,5,112.9,Loyal
3653,51,4,112.8,Loyal
1765,294,3,112.8,At Risk
3224,291,4,112.76,At Risk
3329,312,5,112.6,At Risk
1179,475,2,112.6,Lost
1472,102,6,112.6,Loyal
2592,90,6,112.54,Loyal
4573,7,7,112.5,Loyal
3573,271,4,112.4,Potential
1067,163,3,112.3,Potential
3370,48,4,112.1,Loyal
3817,366,5,112.0,At Risk
4859,112,4,112.0,Loyal
1947,532,3,112.0,Lost
2061,3,4,112.0,Loyal
1026,216,5,111.95,Potential
4213,129,3,111.9,Potential
1476,126,6,111.84,Potential
2925,19,7,111.8,Loyal
2991,317,5,111.78,At Risk
4323,13,5,111.7,Loyal
1742,18,4,111.7,Loyal
4872,432,4,111.62,At Risk
2478,484,2,111.45,Lost
4326,54,5,111.36,Loyal
4463,57,4,111.3,Loyal
2401,11,5,111.3,Loyal
1896,379,4,111.3,At Risk
2097,90,3,111.27,Loyal
2128,142,5,111.23,Potential
2562,411,4,111.2,At Risk
3203,145,5,111.2,Potential
4469,73,3,111.2,Loyal
2358,15,3,111.16,Loyal
4579,62,5,111.15,Loyal
4891,85,5,111.1,Loyal
2406,23,7,110.96,Loyal
2320,387,5,110.9,At Risk
4444,85,5,110.8,Loyal
3998,16,6,110.8,Loyal
1454,69,4,110.7,Loyal
4975,58,5,110.7,Loyal
4939,77,5,110.7,Loyal
4077,148,6,110.7,Potential
3588,15,4,110.7,Loyal
4814,108,6,110.7,Loyal
1863,148,4,110.6,Potential
2325,258,6,110.58,Potential
2666,16,7,110.55,Loyal
3864,18,7,110.5,Loyal
1946,22,6,110.5,Loyal
2104,71,4,110.4,Loyal
3364,107,5,110.4,Loyal
3656,294,3,110.15,At Risk
2339,589,4,110.0,Lost
4893,304,4,109.9,At Risk
2129,141,6,109.9,Potential
1808,162,4,109.8,Potential
1073,27,4,109.8,Loyal
1844,47,6,109.72,Loyal
4224,24,6,109.6,Loyal
1588,78,3,109.54,Loyal
3675,149,5,109.5,Potential
4785,108,5,109.42,Loyal
4741,96,7,109.4,Loyal
1776,259,6,109.3,Potential
2231,27,6,109.2,Loyal
4606,229,5,109.2,Potential
1892,40,6,109.12,Loyal
1655,40,4,109.1,Loyal
4531,75,7,109.07,Loyal
3275,65,3,109.0,Loyal
4281,73,5,108.96,Loyal
2262,56,4,108.95,Loyal
1185,128,4,108.9,Potential
2176,144,5,108.8,Potential
4852,131,8,108.8,Potential
1754,104,5,108.8,Loyal
4855,243,4,108.8,Potential
4827,33,4,108.7,Loyal
3348,25,6,108.65,Loyal
1557,148,2,108.6,Potential
2204,94,5,108.6,Loyal
4120,19,5,108.6,Loyal
4618,14,5,108.5,Loyal
4627,12,2,108.5,Loyal
2102,234,5,108.5,Potential
3669,323,4,108.48,At Risk
1491,0,5,108.4,Loyal
2727,15,5,108.4,Loyal
2246,123,2,108.3,Potential
1277,29,5,108.21,Loyal
1297,382,4,108.15,At Risk
1806,177,2,108.12,Potential
2226,296,6,108.1,At Risk
1951,69,3,108.1,Loyal
4015,278,7,108.04,At Risk
3390,29,5,108.04,Loyal
2083,53,4,108.0,Loyal
1757,7,4,108.0,Loyal
4712,381,5,107.9,At Risk
4769,101,5,107.85,Loyal
3133,5,4,107.8,Loyal
1211,220,6,107.75,Potential
2395,408,2,107.6,At Risk
1028,172,5,107.6,Potential
1290,99,3,107.5,Loyal
2162,194,3,107.5,Potential
2107,33,6,107.5,Loyal
3190,39,4,107.46,Loyal
3793,145,8,107.42,Potential
1285,162,5,107.4,Potential
4673,385,3,107.4,At Risk
4793,36,5,107.4,Loyal
4680,125,4,107.39,Potential
4906,91,4,107.34,Loyal
4358,54,3,107.3,Loyal
2300,102,4,107.3,Loyal
1634,27,6,107.3,Loyal
1810,443,4,107.2,At Risk
2711,108,3,107.2,Loyal
1428,346,5,107.14,At Risk
1656,61,4,107.14,Loyal
2730,50,4,107.11,Loyal
1724,112,4,107.0,Loyal
1475,13,4,106.93,Loyal
3997,79,4,106.9,Loyal
1603,91,5,106.75,Loyal
1835,191,4,106.64,Potential
4704,131,4,106.6,Potential
2813,44,5,106.6,Loyal
1396,161,2,106.52,Potential
1097,59,6,106.48,Loyal
2364,113,4,106.3,Loyal
3583,27,7,106.2,Loyal
1450,44,6,106.1,Loyal
4227,132,3,106.1,Potential
4922,13,5,106.0,Loyal
1978,299,3,105.9,At Risk
2255,12,5,105.85,Loyal
2337,137,6,105.8,Potential
2362,37,5,105.75,Loyal
2909,236,5,105.7,Potential
4455,4,8,105.66,Loyal
1788,10,7,105.55,Loyal
4207,124,4,105.55,Potential
3685,126,3,105.55,Potential
1652,288,5,105.5,At Risk
3094,85,8,105.45,Loyal
4693,134,7,105.39,Potential
4812,217,4,105.3,Potential
1468,82,6,105.24,Loyal
2656,14,5,105.1,Loyal
2509,168,4,105.1,Potential
1884,19,2,105.05,Loyal
2873,118,6,105.0,Loyal
4134,32,6,104.95,Loyal
1252,261,3,104.9,Potential
1825,39,4,104.9,Loyal
4843,231,3,104.85,Potential
3214,8,4,104.8,Loyal
2469,98,4,104.8,Loyal
1381,282,5,104.75,At Risk
1016,86,4,104.7,Loyal
4660,173,3,104.7,Potential
2701,501,5,104.69,Lost
4373,140,3,104.6,Potential
2590,14,5,104.5,Loyal
3342,191,4,104.5,Potential
2236,330,4,104.36,At Risk
1092,82,5,104.31,Loyal
2691,56,5,104.3,Loyal
4217,12,10,104.25,Loyal
3226,431,4,104.2,At Risk
3790,63,6,104.1,Loyal
3721,179,5,104.02,Potential
1735,511,2,104.0,Lost
1992,124,3,103.8,Potential
3355,28,2,103.8,Loyal
1326,51,3,103.8,Loyal
3281,66,3,103.7,Loyal
3137,128,8,103.7,Potential
4274,91,6,103.6,Loyal
2196,82,5,103.4,Loyal
1591,285,4,103.2,At Risk
2604,101,5,103.1,Loyal
1559,88,2,103.0,Loyal
2081,342,3,103.0,At Risk
3421,232,4,102.75,Potential
1083,327,3,102.7,At Risk
1440,24,6,102.6,Loyal
4554,125,4,102.6,Potential
2175,299,6,102.52,At Risk
1767,67,6,102.36,Loyal
4042,13,6,102.35,Loyal
3728,48,6,102.35,Loyal
2305,93,3,102.34,Loyal
1612,54,6,102.3,Loyal
2633,33,6,102.2,Loyal
1406,2,2,102.2,Loyal
4845,79,3,102.2,Loyal
3409,19,4,102.2,Loyal
2937,152,7,102.16,Potential
3470,87,3,102.14,Loyal
3917,108,5,102.14,Loyal
4817,10,5,102.0,Loyal
2037,255,3,101.95,Potential
4645,1,8,101.9,Loyal
4060,19,3,101.9,Loyal
2055,52,7,101.85,Loyal
4175,335,1,101.8,At Risk
4239,322,2,101.8,At Risk
2815,111,4,101.8,Loyal
3107,44,7,101.7,Loyal
2191,50,4,101.67,Loyal
4201,77,6,101.65,Loyal
1587,182,5,101.62,Potential
2359,124,5,101.62,Potential
4519,57,2,101.6,Loyal
1276,37,5,101.5,Loyal
1153,22,6,101.5,Loyal
1958,180,2,101.5,Potential
3030,381,4,101.4,At Risk
4757,197,3,101.4,Potential
3758,117,6,101.4,Loyal
2693,58,4,101.4,Loyal
1716,501,3,101.2,Lost
1380,39,5,101.1,Loyal
2893,18,5,101.1,Loyal
1779,63,3,101.1,Loyal
3937,41,5,101.1,Loyal
1968,88,4,101.0,Loyal
1361,113,7,100.9,Loyal
2238,24,4,100.9,Loyal
3229,145,3,100.8,Potential
2879,2,5,100.7,Loyal
1970,567,4,100.7,Lost
2459,99,3,100.7,Loyal
1191,144,2,100.6,Potential
2646,49,3,100.6,Loyal
1505,64,2,100.56,Loyal
2518,180,4,100.5,Potential
3572,174,2,100.4,Potential
2391,25,6,100.4,Loyal
1789,69,5,100.4,Loyal
3051,31,4,100.2,Loyal
3140,125,6,100.13,Potential
4871,45,3,100.12,Loyal
2688,38,5,100.1,Loyal
3176,151,6,100.1,Potential
3595,13,7,100.1,Loyal
1663,49,4,100.1,Loyal
1001,242,5,100.0,Potential
1710,25,3,100.0,Loyal
3846,336,5,99.97,At Risk
2286,26,3,99.9,Loyal
3976,101,6,99.88,Loyal
1390,303,3,99.87,At Risk
2581,16,5,99.85,Loyal
4698,66,3,99.8,Loyal
1928,104,3,99.8,Loyal
2519,210,6,99.7,Potential
1256,123,5,99.65,Potential
4384,99,4,99.6,Loyal
4883,124,5,99.52,Potential
3751,363,3,99.5,At Risk
4990,16,3,99.4,Loyal
4255,119,5,99.36,Loyal
2496,28,4,99.36,Loyal
4809,93,6,99.26,Loyal
1850,294,4,99.2,At Risk
3919,84,4,99.2,Loyal
1901,31,3,99.2,Loyal
2761,249,6,99.18,Potential
4879,79,4,99.15,Loyal
3005,171,5,99.1,Potential
2678,32,4,99.05,Loyal
1045,35,3,98.9,Loyal
1922,84,9,98.9,Loyal
3062,151,4,98.82,Potential
2817,8,3,98.8,Loyal
4295,65,3,98.7,Loyal
4600,169,3,98.65,Potential
3591,119,3,98.65,Loyal
2245,229,4,98.56,Potential
2563,1,4,98.55,Loyal
4395,188,3,98.5,Potential
2806,633,4,98.5,Lost
4700,186,6,98.45,Potential
2574,19,4,98.44,Loyal
3548,202,7,98.41,Potential
2430,344,3,98.4,At Risk
1699,96,4,98.4,Loyal
1358,1,4,98.4,Loyal
1233,139,6,98.36,Potential
3529,108,7,98.35,Loyal
4101,244,4,98.3,Potential
2867,7,5,98.22,Loyal
4482,30,3,98.2,Loyal
4646,152,6,98.14,Potential
2393,257,3,98.1,Potential
4981,354,2,98.1,At Risk
4942,37,4,98.1,Loyal
4959,183,5,98.1,Potential
1492,335,5,98.0,At Risk
2719,214,5,98.0,Potential
3789,79,4,97.92,Loyal
2756,37,4,97.9,Loyal
4402,447,2,97.9,At Risk
2291,101,5,97.85,Loyal
3349,536,3,97.8,Lost
3228,338,1,97.8,At Risk
2332,15,6,97.8,Loyal
4717,228,5,97.72,Potential
2154,290,5,97.7,At Risk
2589,245,7,97.64,Potential
2502,259,3,97.62,Potential
1183,184,3,97.6,Potential
3099,165,5,97.6,Potential
4230,55,4,97.6,Loyal
4821,32,4,97.59,Loyal
2525,44,5,97.54,Loyal
4313,155,4,97.42,Potential
1882,96,3,97.4,Loyal
1391,131,6,97.4,Potential
1814,40,6,97.4,Loyal
4765,178,3,97.35,Potential
1372,188,3,97.3,Potential
4068,19,4,97.3,Loyal
4691,79,3,97.26,Loyal
1731,40,6,97.2,Loyal
4610,164,4,97.05,Potential
4012,228,3,97.0,Potential
2047,10,5,96.8,Loyal
1488,32,4,96.8,Loyal
4993,324,5,96.78,At Risk
1176,135,6,96.65,Potential
3215,162,4,96.64,Potential
2803,430,5,96.62,At Risk
3842,77,4,96.6,Loyal
1363,77,5,96.6,Loyal
1206,229,3,96.6,Potential
2897,337,3,96.6,At Risk
3643,101,5,96.59,Loyal
4105,27,4,96.5,Loyal
3693,44,3,96.5,Loyal
1032,129,5,96.46,Potential
3745,126,6,96.44,Potential
3022,45,4,96.4,Loyal
3262,22,4,96.4,Loyal
2751,330,5,96.37,At Risk
3323,21,4,96.36,Loyal
4715,385,5,96.3,At Risk
2515,161,5,96.28,Potential
4892,261,3,96.2,Potential
3153,83,6,96.2,Loyal
2901,508,4,96.15,Lost
2641,304,5,96.1,At Risk
1432,148,4,96.1,Potential
2982,188,5,95.9,Potential
4932,40,6,95.9,Loyal
1856,65,4,95.9,Loyal
2910,26,5,95.8,Loyal
2556,124,4,95.8,Potential
2208,153,1,95.8,Potential
1553,162,6,95.7,Potential
4796,127,5,95.6,Potential
4688,89,5,95.6,Loyal
4676,349,3,95.5,At Risk
3117,91,4,95.5,Loyal
2535,50,5,95.5,Loyal
4467,38,4,95.4,Loyal
4862,229,5,95.3,Potential
2049,84,4,95.3,Loyal
2092,54,5,95.3,Loyal
1479,229,4,95.29,Potential
2127,41,5,95.22,Loyal
1278,21,4,95.2,Loyal
4914,31,4,95.16,Loyal
2054,15,3,95.12,Loyal
2986,225,5,95.1,Potential
3100,221,5,95.1,Potential
1582,146,3,95.06,Potential
3312,6,4,95.05,Loyal
1836,113,3,95.0,Loyal
3972,205,6,95.0,Potential
1130,103,4,94.95,Loyal
3433,90,3,94.9,Loyal
2200,81,3,94.9,Loyal
3882,72,5,94.85,Loyal
1641,190,5,94.7,Potential
1043,354,3,94.69,At Risk
1213,107,3,94.6,Loyal
4214,84,6,94.6,Loyal
1018,221,4,94.6,Potential
4750,100,4,94.52,Loyal
1503,135,3,94.5,Potential
3089,74,5,94.5,Loyal
4232,11,4,94.45,Loyal
1335,73,4,94.45,Loyal
2170,195,3,94.45,Potential
3343,234,5,94.44,Potential
1086,2,5,94.4,Loyal
4969,218,5,94.36,Potential
4036,218,5,94.35,Potential
2906,175,5,94.35,Potential
2290,111,4,94.2,Loyal
4678,13,3,94.2,Loyal
4269,273,3,94.2,Potential
1108,153,4,94.06,Potential
1967,64,6,93.95,Loyal
1473,89,4,93.9,Loyal
1109,268,5,93.9,Potential
2265,96,3,93.85,Loyal
1611,270,3,93.85,Potential
2419,130,3,93.8,Potential
1899,67,5,93.64,Loyal
4890,107,5,93.6,Loyal
3713,333,4,93.6,At Risk
2306,82,5,93.54,Loyal
4050,177,3,93.5,Potential
1293,65,4,93.46,Loyal
3996,121,3,93.4,Loyal
1443,82,4,93.4,Loyal
2137,614,2,93.3,Lost
1532,193,2,93.3,Potential
1923,24,6,93.15,Loyal
1515,32,6,93.1,Loyal
2947,167,3,93.1,Potential
4923,98,5,93.07,Loyal
4345,336,3,93.06,At Risk
4997,3,2,93.0,Loyal
2376,216,3,93.0,Potential
2149,221,4,93.0,Potential
3083,467,4,92.95,Lost
1377,291,3,92.9,At Risk
3894,17,4,92.9,Loyal
2792,67,4,92.9,Loyal
2764,2,6,92.75,Loyal
1355,102,5,92.7,Loyal
4059,237,3,92.7,Potential
1551,141,6,92.7,Potential
1288,458,2,92.68,At Risk
4008,225,4,92.62,Potential
3527,92,3,92.62,Loyal
3205,19,5,92.6,Loyal
1427,34,6,92.4,Loyal
3109,184,4,92.4,Potential
3797,105,6,92.4,Loyal
2439,60,4,92.34,Loyal
2579,266,3,92.3,Potential
1893,270,4,92.3,Potential
3672,216,3,92.2,Potential
4634,229,3,92.2,Potential
3104,209,6,92.15,Potential
4308,25,6,92.12,Loyal
4180,49,6,92.11,Loyal
1797,411,5,92.09,At Risk
4596,208,5,92.0,Potential
1281,211,3,91.9,Potential
4283,558,3,91.9,Lost
1838,280,4,91.9,At Risk
3321,5,5,91.8,Loyal
3799,415,3,91.8,At Risk
4119,235,4,91.8,Potential
3661,33,4,91.74,Loyal
2971,337,3,91.62,At Risk
4038,54,3,91.6,Loyal
4456,144,5,91.55,Potential
4406,217,8,91.42,Potential
1033,198,5,91.3,Potential
1966,433,7,91.24,At Risk
4054,238,2,91.2,Potential
2569,167,3,91.1,Potential
2019,46,7,91.1,Loyal
4808,132,3,91.08,Potential
2217,28,3,91.05,Loyal
3334,241,4,91.0,Potential
3471,79,4,90.9,Loyal
3306,1,7,90.8,Loyal
2532,177,3,90.75,Potential
1320,345,4,90.72,At Risk
3193,333,4,90.6,At Risk
2279,400,3,90.6,At Risk
3315,41,5,90.5,Loyal
1069,132,4,90.45,Potential
3913,284,4,90.42,At Risk
3646,144,4,90.4,Potential
2916,200,4,90.39,Potential
1371,233,3,90.3,Potential
4098,327,4,90.1,At Risk
2131,125,6,90.0,Potential
3778,27,5,89.9,Loyal
3185,303,4,89.9,At Risk
3138,255,4,89.9,Potential
4204,75,4,89.84,Loyal
1011,21,3,89.8,Loyal
4106,127,5,89.8,Potential
4084,57,5,89.8,Loyal
4206,384,7,89.75,At Risk
2355,159,5,89.7,Potential
3556,91,4,89.66,Loyal
4464,70,8,89.6,Loyal
2237,324,4,89.6,At Risk
3524,395,5,89.55,At Risk
2277,346,3,89.46,At Risk
4226,24,4,89.45,Loyal
2975,67,5,89.4,Loyal
1308,291,4,89.4,At Risk
3029,213,3,89.36,Potential
1010,152,5,89.36,Potential
4127,48,4,89.35,Loyal
1155,3,3,89.3,Loyal
4641,31,5,89.3,Loyal
3744,22,3,89.3,Loyal
1982,16,3,89.2,Loyal
3586,220,3,89.2,Potential
1079,112,2,89.1,Loyal
3849,380,5,89.01,At Risk
1648,243,4,89.0,Potential
2273,33,7,89.0,Loyal
1328,281,3,88.82,At Risk
2938,188,3,88.8,Potential
3686,123,4,88.6,Potential
3757,189,7,88.55,Potential
2932,285,4,88.5,At Risk
2781,212,6,88.5,Potential
3765,201,3,88.4,Potential
4915,103,7,88.4,Loyal
4976,166,2,88.4,Potential
2212,63,5,88.4,Loyal
1309,273,5,88.35,Potential
1100,293,3,88.3,At Risk
4498,255,5,88.2,Potential
4039,3,4,88.2,Loyal
1816,496,4,88.11,Lost
2874,112,4,88.1,Loyal
3614,246,5,88.1,Potential
1442,121,6,88.1,Loyal
4782,136,5,88.05,Potential
4109,87,6,87.95,Loyal
2972,223,2,87.9,Potential
4710,235,4,87.9,Potential
1076,77,4,87.9,Loyal
4925,377,4,87.89,At Risk
2242,208,4,87.82,Potential
3668,12,6,87.8,Loyal
2564,169,4,87.8,Potential
4344,238,3,87.8,Potential
1837,174,4,87.75,Potential
3748,78,4,87.7,Loyal
3907,66,3,87.7,Loyal
3773,33,3,87.6,Loyal
2445,427,4,87.6,At Risk
3857,56,5,87.4,Loyal
4924,107,6,87.4,Loyal
1723,22,4,87.34,Loyal
1749,360,3,87.34,At Risk
4617,401,3,87.3,At Risk
4040,271,4,87.3,Potential
4249,26,5,87.28,Loyal
4007,7,4,87.2,Loyal
3848,42,5,87.12,Loyal
1103,403,4,87.1,At Risk
4806,36,4,87.0,Loyal
4986,332,4,86.95,At Risk
4929,156,4,86.95,Potential
3443,68,4,86.9,Loyal
2011,7,8,86.86,Loyal
3282,191,5,86.83,Potential
4837,28,4,86.8,Loyal
3430,258,4,86.8,Potential
2467,84,6,86.8,Loyal
2865,56,3,86.8,Loyal
1521,369,2,86.8,At Risk
3365,66,6,86.75,Loyal
2029,175,5,86.7,Potential
2832,58,5,86.65,Loyal
2413,17,6,86.65,Loyal
3806,124,2,86.6,Potential
1168,299,3,86.6,At Risk
1743,47,4,86.6,Loyal
2436,36,4,86.6,Loyal
1384,11,7,86.6,Loyal
2643,29,5,86.55,Loyal
3059,382,4,86.54,At Risk
1398,259,2,86.51,Potential
2434,103,3,86.5,Loyal
3596,254,5,86.5,Potential
4392,32,5,86.42,Loyal
4296,126,4,86.4,Potential
2570,128,5,86.4,Potential
1796,57,6,86.4,Loyal
4291,21,6,86.36,Loyal
2266,91,2,86.3,Loyal
1412,44,4,86.27,Loyal
4577,56,3,86.25,Loyal
4113,139,6,86.2,Potential
2777,212,4,86.2,Potential
4989,194,3,86.2,Potential
2660,475,2,86.2,Lost
3935,181,3,86.2,Potential
3680,36,4,86.12,Loyal
2233,124,4,86.05,Potential
4022,152,3,86.0,Potential
3775,64,5,86.0,Loyal
4146,324,6,85.9,At Risk
1392,254,3,85.9,Potential
2543,139,4,85.85,Potential
1719,104,5,85.84,Loyal
2915,421,2,85.8,At Risk
1748,297,5,85.8,At Risk
4382,47,2,85.8,Loyal
2905,69,2,85.8,Loyal
3167,56,3,85.7,Loyal
1807,12,3,85.7,Loyal
2883,79,4,85.7,Loyal
3295,155,3,85.63,Potential
1910,61,5,85.6,Loyal
2449,175,4,85.6,Potential
2500,24,3,85.55,Loyal
1601,21,3,85.5,Loyal
3537,97,6,85.5,Loyal
1528,106,4,85.5,Loyal
2428,131,6,85.45,Potential
1614,70,2,85.42,Loyal
3924,62,3,85.4,Loyal
1820,267,5,85.4,Potential
2689,244,4,85.4,Potential
3639,396,4,85.4,At Risk
2256,131,4,85.35,Potential
1952,37,2,85.3,Loyal
1687,439,5,85.3,At Risk
1778,373,3,85.3,At Risk
2649,32,4,85.2,Loyal
3184,40,7,85.2,Loyal
1127,76,4,85.16,Loyal
3530,560,3,85.14,Lost
4603,343,4,85.12,At Risk
3681,77,4,85.1,Loyal
4492,199,4,85.0,Potential
3559,181,5,84.92,Potential
3599,39,5,84.85,Loyal
1474,154,5,84.8,Potential
4538,32,4,84.8,Loyal
2665,261,2,84.66,Potential
3311,182,3,84.66,Potential
4076,222,5,84.6,Potential
1226,48,2,84.55,Loyal
3363,1,6,84.5,Loyal
3084,65,7,84.5,Loyal
2014,190,8,84.5,Potential
1526,34,5,84.49,Loyal
2884,2,4,84.45,Loyal
3079,295,4,84.3,At Risk
2587,211,5,84.25,Potential
2287,14,4,84.2,Loyal
3154,191,5,84.12,Potential
2065,342,6,84.0,At Risk
2005,99,4,83.99,Loyal
4221,306,4,83.96,At Risk
3574,55,6,83.9,Loyal
4064,104,3,83.9,Loyal
3592,16,5,83.86,Loyal
3161,52,4,83.7,Loyal
1581,139,3,83.7,Potential
2495,155,4,83.7,Potential
2073,195,4,83.65,Potential
2551,70,3,83.6,Loyal
3703,197,4,83.5,Potential
4543,68,3,83.5,Loyal
2221,12,3,83.42,Loyal
3619,267,5,83.4,Potential
2638,446,2,83.4,At Risk
2169,59,5,83.4,Loyal
4228,256,5,83.36,Potential
2775,54,4,83.3,Loyal
4233,197,4,83.3,Potential
1224,466,2,83.3,Lost
3627,542,1,83.3,Lost
2316,205,3,83.16,Potential
2288,213,4,83.12,Potential
1994,86,3,83.1,Loyal
4148,265,5,83.05,Potential
1034,596,3,83.05,Lost
1152,164,4,83.05,Potential
2386,25,4,83.0,Loyal
1736,123,5,83.0,Loyal
1564,68,4,83.0,Loyal
3049,328,2,82.9,At Risk
1647,10,3,82.88,Loyal
4613,227,4,82.82,Potential
3982,92,7,82.79,Loyal
4749,318,4,82.75,At Risk
4940,131,3,82.75,Potential
1340,42,6,82.7,Loyal
2683,141,3,82.7,Potential
2872,102,3,82.69,Loyal
2071,77,4,82.66,Loyal
4375,86,5,82.6,Loyal
4662,43,5,82.54,Loyal
2225,246,4,82.5,Potential
2930,282,4,82.5,At Risk
4126,419,3,82.4,At Risk
2000,129,2,82.4,Potential
1725,429,3,82.35,At Risk
2762,12,4,82.35,Loyal
1420,22,4,82.35,Loyal
3868,133,2,82.35,Potential
3013,131,5,82.3,Potential
4869,271,3,82.3,Potential
2319,234,2,82.3,Potential
2331,32,6,82.22,Loyal
4396,201,2,82.22,Potential
3468,46,4,82.2,Loyal
3053,5,3,82.2,Loyal
2122,267,4,82.15,Potential
2754,242,3,82.1,Potential
3544,270,5,82.1,Potential
3704,93,5,82.1,Loyal
1303,113,5,82.0,Loyal
1315,53,3,82.0,Loyal
1851,172,4,82.0,Potential
1696,87,6,81.95,Loyal
1804,30,3,81.9,Loyal
4398,51,5,81.9,Loyal
1993,175,3,81.9,Potential
2269,101,3,81.9,Loyal
4772,376,4,81.85,At Risk
3171,439,1,81.8,At Risk
3357,205,3,81.7,Potential
4690,375,4,81.7,At Risk
2068,206,5,81.65,Potential
2973,382,5,81.6,At Risk
2416,55,3,81.6,Loyal
2139,258,5,81.6,Potential
3419,25,3,81.55,Loyal
4761,113,4,81.55,Loyal
2240,29,5,81.54,Loyal
4638,422,4,81.52,At Risk
2110,154,3,81.5,Potential
3375,248,3,81.5,Potential
3456,111,5,81.5,Loyal
1638,293,2,81.5,At Risk
1520,307,3,81.5,At Risk
3850,118,4,81.5,Loyal
3590,214,6,81.42,Potential
1800,152,4,81.4,Potential
3273,95,3,81.4,Loyal
4367,45,5,81.31,Loyal
2404,76,5,81.3,Loyal
3609,18,5,81.3,Loyal
2724,244,2,81.2,Potential
3479,281,4,81.2,At Risk
4306,2,4,81.15,Loyal
2989,334,4,81.1,At Risk
4471,305,4,81.0,At Risk
1142,200,4,81.0,Potential
4461,320,4,81.0,At Risk
4894,7,3,81.0,Loyal
1833,159,4,80.8,Potential
1141,380,4,80.8,At Risk
3756,28,5,80.7,Loyal
3735,32,4,80.7,Loyal
1857,111,2,80.7,Loyal
1053,174,6,80.7,Potential
2218,181,6,80.6,Potential
2790,0,3,80.5,Loyal
3036,103,3,80.44,Loyal
4067,75,3,80.4,Loyal
3902,31,3,80.4,Loyal
3158,452,4,80.4,At Risk
3304,30,3,80.3,Loyal
1075,41,4,80.3,Loyal
1325,218,3,80.3,Potential
2513,15,4,80.3,Loyal
2948,194,4,80.24,Potential
3899,6,5,80.2,Loyal
3260,28,3,80.2,Loyal
1552,720,1,80.1,Lost
1399,385,4,80.1,At Risk
2159,166,3,80.06,Potential
4632,87,5,80.0,Loyal
4154,181,4,80.0,Potential
3589,56,6,80.0,Loyal
4536,108,4,80.0,Loyal
4394,412,4,79.9,At Risk
2514,58,3,79.9,Loyal
1684,361,3,79.9,At Risk
4842,22,5,79.89,Loyal
2396,496,5,79.85,Lost
4133,156,6,79.8,Potential
2446,113,4,79.8,Loyal
4286,109,4,79.8,Loyal
4320,19,5,79.8,Loyal
4212,243,5,79.75,Potential
1766,343,2,79.75,At Risk
3811,189,7,79.6,Potential
4897,400,4,79.6,At Risk
2708,316,2,79.5,At Risk
1311,184,3,79.5,Potential
3149,704,1,79.5,Lost
4840,208,4,79.4,Potential
2942,332,3,79.35,At Risk
2274,359,5,79.34,At Risk
1424,82,3,79.3,Loyal
3015,81,4,79.3,Loyal
3236,179,4,79.2,Potential
1712,487,2,79.1,Lost
4058,0,3,78.99,Loyal
2152,118,5,78.9,Loyal
2241,73,4,78.9,Loyal
3867,114,3,78.88,Loyal
4144,54,4,78.8,Loyal
2697,541,2,78.7,Lost
4740,89,4,78.7,Loyal
1697,43,6,78.66,Loyal
3227,30,5,78.66,Loyal
3327,240,6,78.53,Potential
2379,102,3,78.5,Loyal
1885,5,4,78.5,Loyal
1345,162,3,78.36,Potential
3385,185,4,78.33,Potential
1161,291,2,78.3,At Risk
3063,2,5,78.2,Loyal
2800,89,5,78.15,Loyal
3009,138,6,78.1,Potential
4334,50,5,78.05,Loyal
4449,275,3,78.0,At Risk
3447,33,4,78.0,Loyal
2636,110,2,78.0,Loyal
2410,39,3,78.0,Loyal
2327,22,4,78.0,Loyal
3658,95,2,77.9,Loyal
2805,122,4,77.85,Loyal
4835,21,6,77.84,Loyal
4097,32,6,77.8,Loyal
3280,170,3,77.8,Potential
2974,4,4,77.7,Loyal
4322,27,5,77.7,Loyal
4555,53,5,77.7,Loyal
3241,101,3,77.6,Loyal
2431,64,5,77.57,Loyal
4319,52,6,77.56,Loyal
2530,122,4,77.54,Loyal
1349,17,4,77.52,Loyal
2876,61,5,77.32,Loyal
1461,9,3,77.3,Loyal
2871,10,4,77.25,Loyal
2630,318,3,77.24,At Risk
3660,442,4,77.2,At Risk
2653,23,5,77.15,Loyal
3673,125,4,76.95,Potential
2038,227,5,76.95,Potential
4199,1,4,76.94,Loyal
4363,182,3,76.9,Potential
4314,242,7,76.9,Potential
2505,30,4,76.9,Loyal
4037,1,4,76.9,Loyal
2979,143,4,76.85,Potential
3724,19,3,76.8,Loyal
4004,234,2,76.8,Potential
4411,161,2,76.8,Potential
1969,160,5,76.76,Potential
1215,346,3,76.71,At Risk
2464,164,4,76.7,Potential
2902,136,3,76.7,Potential
1339,32,5,76.7,Loyal
4372,153,4,76.65,Potential
3368,296,3,76.65,At Risk
4659,369,4,76.6,At Risk
1974,241,1,76.6,Potential
4121,59,6,76.52,Loyal
3237,185,4,76.5,Potential
4527,73,5,76.5,Loyal
2958,199,5,76.4,Potential
3038,353,5,76.3,At Risk
2407,295,3,76.3,At Risk
2999,149,3,76.3,Potential
4504,117,5,76.3,Loyal
1660,157,3,76.25,Potential
2132,376,5,76.2,At Risk
3519,17,3,76.2,Loyal
4240,26,5,76.17,Loyal
1955,320,4,76.12,At Risk
4786,395,3,76.1,At Risk
4459,12,5,76.1,Loyal
2571,166,3,76.1,Potential
2864,149,4,76.04,Potential
3808,134,5,76.0,Potential
3930,171,2,76.0,Potential
2696,119,5,76.0,Loyal
1506,370,2,76.0,At Risk
1987,76,3,76.0,Loyal
4066,393,4,75.9,At Risk
3210,7,3,75.9,Loyal
1012,41,4,75.86,Loyal
4268,249,5,75.75,Potential
2565,93,4,75.74,Loyal
3866,176,5,75.7,Potential
3853,179,1,75.7,Potential
1055,219,2,75.7,Potential
3223,511,1,75.6,Lost
4500,205,4,75.6,Potential
3831,77,4,75.55,Loyal
3106,598,3,75.54,Lost
2483,63,4,75.5,Loyal
3407,280,4,75.5,At Risk
2877,264,2,75.5,Potential
1017,91,5,75.49,Loyal
4371,192,4,75.45,Potential
2613,129,6,75.45,Potential
3132,123,4,75.4,Loyal
4838,333,3,75.3,At Risk
1171,239,5,75.3,Potential
2766,133,3,75.2,Potential
3999,44,5,75.2,Loyal
2026,411,2,75.2,At Risk
1014,88,4,75.1,Loyal
2610,70,3,75.04,Loyal
3839,473,3,75.0,Lost
3033,461,3,75.0,Lost
1354,29,5,74.95,Loyal
3035,31,6,74.9,Loyal
3027,106,4,74.9,Loyal
2448,1,6,74.9,Loyal
2243,106,4,74.9,Loyal
4910,35,3,74.9,Loyal
3439,127,5,74.9,Potential
2561,133,4,74.85,Potential
3127,392,4,74.8,At Risk
4195,90,3,74.76,Loyal
2481,36,2,74.76,Loyal
2188,32,4,74.75,Loyal
3570,119,4,74.7,Loyal
1911,211,2,74.66,Potential
1113,147,4,74.65,Potential
2544,335,4,74.6,At Risk
3905,194,7,74.59,Potential
2312,229,4,74.5,Potential
4728,115,4,74.49,Loyal
1900,97,4,74.44,Loyal
1234,40,4,74.44,Loyal
3486,7,5,74.4,Loyal
2695,179,3,74.3,Potential
2211,31,4,74.3,Loyal
2940,53,4,74.2,Loyal
2207,266,4,74.2,Potential
2575,292,2,74.2,At Risk
4908,224,3,74.19,Potential
1544,308,4,74.16,At Risk
1426,175,5,74.04,Potential
3339,22,3,74.0,Loyal
2795,238,5,74.0,Potential
4762,61,6,73.98,Loyal
3665,98,2,73.96,Loyal
2441,180,6,73.92,Potential
3254,72,4,73.92,Loyal
4558,269,3,73.9,Potential
4813,148,3,73.9,Potential
4706,37,3,73.9,Loyal
1020,78,3,73.84,Loyal
4025,56,4,73.82,Loyal
2969,22,4,73.7,Loyal
1102,186,4,73.7,Potential
3587,147,5,73.62,Potential
2181,190,3,73.6,Potential
1123,48,4,73.6,Loyal
3034,222,5,73.5,Potential
1019,385,1,73.5,At Risk
3645,18,4,73.5,Loyal
1670,38,3,73.5,Loyal
2250,76,2,73.4,Loyal
3320,627,3,73.4,Lost
2025,412,3,73.4,At Risk
2360,315,3,73.3,At Risk
2553,163,6,73.23,Potential
4501,198,5,73.22,Potential
2072,32,5,73.2,Loyal
2048,14,6,73.2,Loyal
1194,231,3,73.2,Potential
4733,296,4,73.14,At Risk
4432,96,5,73.1,Loyal
4648,83,4,73.1,Loyal
2703,100,4,73.0,Loyal
3644,89,3,73.0,Loyal
1467,132,2,73.0,Potential
1924,43,6,72.99,Loyal
1622,294,4,72.96,At Risk
2705,44,3,72.94,Loyal
2146,193,3,72.9,Potential
4977,132,2,72.85,Potential
4357,81,3,72.8,Loyal
4431,44,5,72.8,Loyal
1139,345,4,72.8,At Risk
2900,263,4,72.72,Potential
2559,429,3,72.7,At Risk
4405,161,2,72.7,Potential
1756,98,4,72.6,Loyal
4474,20,4,72.5,Loyal
3058,156,3,72.4,Potential
4416,7,7,72.3,Loyal
4725,28,4,72.22,Loyal
4616,136,6,72.2,Potential
3647,302,2,72.2,At Risk
3400,301,3,72.2,At Risk
1834,38,3,72.16,Loyal
3928,95,3,72.12,Loyal
4114,145,4,72.1,Potential
3736,33,4,72.1,Loyal
2105,343,2,72.06,At Risk
4478,26,3,72.05,Loyal
1938,236,4,72.0,Potential
3066,24,6,72.0,Loyal
2616,228,4,72.0,Potential
2681,242,3,72.0,Potential
1074,75,5,71.96,Loyal
2829,11,3,71.9,Loyal
1693,3,4,71.9,Loyal
2661,243,4,71.9,Potential
4878,100,3,71.8,Loyal
3309,63,7,71.67,Loyal
1599,78,5,71.64,Loyal
2804,346,4,71.6,At Risk
4865,408,2,71.5,At Risk
2366,134,4,71.5,Potential
2977,44,4,71.5,Loyal
1702,350,5,71.5,At Risk
3762,132,5,71.4,Potential
3271,3,3,71.4,Loyal
1015,240,3,71.4,Potential
4529,220,4,71.36,Potential
3384,31,5,71.35,Loyal
4650,381,5,71.32,At Risk
4246,29,3,71.3,Loyal
2786,280,3,71.3,At Risk
4896,67,3,71.3,Loyal
3730,156,4,71.25,Potential
2830,191,4,71.2,Potential
3678,541,3,71.2,Lost
1478,321,4,71.2,At Risk
1773,59,4,71.1,Loyal
3255,55,6,71.1,Loyal
4819,90,5,71.05,Loyal
2542,36,3,71.0,Loyal
3428,289,3,71.0,At Risk
4609,53,2,71.0,Loyal
2980,247,3,70.96,Potential
3575,236,5,70.96,Potential
1367,147,2,70.9,Potential
3764,50,6,70.8,Loyal
1962,205,3,70.8,Potential
3017,93,3,70.8,Loyal
3213,376,3,70.79,At Risk
1516,336,2,70.72,At Risk
2782,204,3,70.7,Potential
4511,184,3,70.7,Potential
2460,12,4,70.7,Loyal
4675,60,4,70.6,Loyal
2861,28,5,70.55,Loyal
4970,144,3,70.5,Potential
1337,5,2,70.5,Loyal
3671,80,3,70.46,Loyal
2533,372,3,70.4,At Risk
3716,50,4,70.4,Loyal
2921,398,3,70.4,At Risk
1918,92,2,70.4,Loyal
1824,59,4,70.4,Loyal
4183,349,6,70.39,At Risk
4013,287,4,70.38,At Risk
1411,313,2,70.32,At Risk
4041,75,3,70.3,Loyal
1002,122,4,70.3,Loyal
4177,198,3,70.3,Potential
4122,68,4,70.25,Loyal
4074,111,4,70.2,Loyal
2521,16,3,70.2,Loyal
1417,103,5,70.1,Loyal
3717,214,4,70.1,Potential
2680,141,4,70.1,Potential
4901,319,3,70.0,At Risk
2087,265,4,70.0,Potential
2726,395,4,69.92,At Risk
1035,113,5,69.9,Loyal
1875,154,2,69.9,Potential
2185,80,4,69.9,Loyal
3884,267,2,69.8,Potential
4860,411,6,69.76,At Risk
2882,188,4,69.75,Potential
1188,355,3,69.7,At Risk
2412,292,2,69.7,At Risk
2328,311,2,69.7,At Risk
3640,83,3,69.65,Loyal
3129,522,3,69.65,Lost
3623,237,2,69.6,Potential
3985,68,5,69.6,Loyal
3986,42,5,69.6,Loyal
2744,225,3,69.5,Potential
2488,133,2,69.5,Potential
1615,27,4,69.5,Loyal
2239,17,3,69.41,Loyal
2955,207,6,69.4,Potential
3208,40,5,69.4,Loyal
2091,72,4,69.4,Loyal
2134,95,3,69.4,Loyal
2809,264,2,69.35,Potential
4697,110,5,69.32,Loyal
3285,171,2,69.3,Potential
2702,217,4,69.3,Potential
4414,341,3,69.26,At Risk
3399,164,4,69.26,Potential
4088,98,4,69.23,Loyal
2119,97,3,69.2,Loyal
4963,366,4,69.1,At Risk
1205,291,3,69.1,At Risk
3338,135,4,69.1,Potential
2299,50,3,69.07,Loyal
4003,7,4,69.04,Loyal
2796,74,5,69.0,Loyal
4231,353,2,68.9,At Risk
3615,119,4,68.9,Loyal
2732,272,4,68.9,Potential
4794,64,4,68.8,Loyal
1151,104,2,68.8,Loyal
3023,155,3,68.8,Potential
3480,237,5,68.8,Potential
2929,434,2,68.7,At Risk
4192,14,5,68.7,Loyal
4310,306,3,68.7,At Risk
3277,425,3,68.6,At Risk
1217,315,3,68.6,At Risk
4672,55,3,68.6,Loyal
1115,342,4,68.5,At Risk
4103,157,4,68.5,Potential
1304,135,3,68.5,Potential
1868,424,3,68.5,At Risk
1722,125,6,68.45,Potential
1403,228,4,68.4,Potential
1212,152,4,68.4,Potential
3459,147,4,68.4,Potential
4928,134,1,68.4,Potential
4686,48,6,68.3,Loyal
3222,147,4,68.22,Potential
2118,165,2,68.2,Potential
2247,213,3,68.15,Potential
4931,240,5,68.1,Potential
2424,458,3,68.1,At Risk
4591,200,3,68.0,Potential
1550,230,3,67.95,Potential
4489,41,3,67.94,Loyal
3664,214,3,67.9,Potential
2020,41,3,67.8,Loyal
1937,74,5,67.8,Loyal
2842,154,2,67.8,Potential
2462,280,2,67.78,At Risk
4899,292,4,67.7,At Risk
1867,276,4,67.7,At Risk
2923,423,2,67.6,At Risk
1125,41,5,67.56,Loyal
2712,95,5,67.54,Loyal
2583,279,2,67.5,At Risk
4823,470,4,67.46,Lost
3698,122,5,67.45,Loyal
3798,117,2,67.36,Loyal
1815,122,5,67.3,Loyal
2314,35,5,67.3,Loyal
1128,178,4,67.25,Potential
1747,378,5,67.2,At Risk
1680,385,3,67.2,At Risk
2635,104,2,67.2,Loyal
1831,355,3,67.15,At Risk
4684,404,4,67.1,At Risk
2914,30,4,67.1,Loyal
4781,38,3,67.1,Loyal
1270,249,3,67.06,Potential
3168,14,5,67.0,Loyal
1829,194,4,67.0,Potential
1562,233,3,66.9,Potential
3650,166,2,66.9,Potential
1230,41,6,66.85,Loyal
2402,115,3,66.83,Loyal
4061,235,3,66.8,Potential
1307,191,5,66.7,Potential
1784,95,3,66.7,Loyal
2085,252,4,66.7,Potential
1140,187,2,66.7,Potential
1883,55,5,66.7,Loyal
4294,27,6,66.6,Loyal
4607,15,3,66.6,Loyal
2880,57,3,66.5,Loyal
1518,19,3,66.45,Loyal
4561,482,4,66.4,Lost
1070,420,2,66.4,At Risk
3953,231,4,66.3,Potential
4360,310,3,66.25,At Risk
4159,2,3,66.2,Loyal
4748,15,5,66.2,Loyal
4732,392,1,66.2,At Risk
2780,80,2,66.2,Loyal
3183,145,3,66.1,Potential
2044,14,4,66.01,Loyal
4075,359,4,66.0,At Risk
2983,110,2,66.0,Loyal
1527,0,5,65.9,Loyal
1082,596,2,65.8,Lost
2058,209,4,65.76,Potential
1795,271,2,65.75,Potential
2622,90,3,65.7,Loyal
2917,582,2,65.7,Lost
4544,343,5,65.65,At Risk
2623,81,3,65.5,Loyal
4238,18,3,65.5,Loyal
2261,184,6,65.5,Potential
1781,207,3,65.46,Potential
4403,101,5,65.45,Loyal
3010,138,5,65.44,Potential
3612,94,6,65.44,Loyal
4100,252,3,65.35,Potential
3256,153,4,65.3,Potential
2528,72,3,65.3,Loyal
2165,115,6,65.3,Loyal
3740,590,1,65.2,Lost
4532,31,3,65.1,Loyal
2749,191,3,65.1,Potential
3123,380,4,65.1,At Risk
4654,472,3,65.06,Lost
1926,75,3,65.0,Loyal
4348,263,5,65.0,Potential
2257,229,4,64.9,Potential
3760,38,5,64.76,Loyal
3516,17,3,64.7,Loyal
3520,51,4,64.67,Loyal
3394,17,3,64.66,Loyal
1031,76,3,64.6,Loyal
4716,304,2,64.6,At Risk
3324,128,5,64.5,Potential
2420,94,3,64.5,Loyal
3457,416,2,64.43,At Risk
3802,76,2,64.4,Loyal
4370,572,3,64.35,Lost
3534,49,3,64.3,Loyal
2470,230,4,64.3,Potential
4381,91,3,64.3,Loyal
4260,44,4,64.2,Loyal
2203,186,1,64.2,Potential
3374,125,2,64.2,Potential
2824,23,3,64.2,Loyal
1332,28,5,64.1,Loyal
2023,121,3,64.1,Loyal
2309,1,4,64.07,Loyal
1195,56,3,64.06,Loyal
4723,222,3,64.0,Potential
3440,9,1,63.9,Loyal
2503,325,1,63.9,At Risk
1274,538,3,63.88,Lost
3485,161,3,63.8,Potential
1413,381,3,63.8,At Risk
4457,118,2,63.8,Loyal
1319,134,3,63.8,Potential
3925,280,2,63.72,At Risk
4582,47,4,63.7,Loyal
3837,232,2,63.6,Potential
4687,98,4,63.6,Loyal
4404,446,3,63.6,At Risk
1514,128,5,63.54,Potential
2111,308,4,63.51,At Risk
3784,199,3,63.5,Potential
4770,594,3,63.5,Lost
3567,87,2,63.5,Loyal
4602,126,1,63.5,Potential
3895,564,3,63.45,Lost
2548,5,4,63.45,Loyal
4390,344,2,63.4,At Risk
4957,515,3,63.4,Lost
3984,330,2,63.4,At Risk
3934,243,4,63.36,Potential
2823,439,2,63.3,At Risk
1446,484,3,63.26,Lost
2807,180,4,63.2,Potential
2924,41,4,63.16,Loyal
1351,307,2,63.1,At Risk
1718,291,3,62.95,At Risk
2750,107,3,62.95,Loyal
2664,101,3,62.9,Loyal
1249,445,2,62.8,At Risk
3705,114,4,62.8,Loyal
3088,27,3,62.8,Loyal
2135,339,2,62.8,At Risk
2260,61,3,62.75,Loyal
2935,355,4,62.7,At Risk
4244,60,5,62.7,Loyal
1362,85,2,62.7,Loyal
1774,145,5,62.65,Potential
2351,358,3,62.64,At Risk
1644,535,2,62.62,Lost
3666,262,5,62.6,Potential
4193,122,4,62.54,Loyal
1846,31,5,62.5,Loyal
1365,58,6,62.5,Loyal
1495,355,3,62.5,At Risk
2034,80,3,62.46,Loyal
1903,295,4,62.45,At Risk
4578,478,4,62.44,Lost
2489,8,4,62.42,Loyal
3690,223,2,62.4,Potential
3869,151,3,62.4,Potential
4935,272,3,62.4,At Risk
4726,175,4,62.4,Potential
1295,160,3,62.35,Potential
4284,77,3,62.3,Loyal
1049,116,4,62.3,Loyal
4604,21,2,62.3,Loyal
3978,160,2,62.3,Potential
2148,164,5,62.25,Potential
3952,61,4,62.16,Loyal
3316,357,3,62.16,At Risk
4475,271,2,62.1,Potential
2669,97,4,62.1,Loyal
1207,46,3,62.06,Loyal
4583,310,2,62.05,At Risk
3961,6,4,61.9,Loyal
4597,170,3,61.9,Potential
4876,312,3,61.9,At Risk
2698,340,3,61.8,At Risk
2624,134,2,61.8,Potential
2912,336,5,61.79,At Risk
1331,31,4,61.75,Loyal
3086,270,4,61.74,Potential
3463,97,4,61.74,Loyal
4157,360,2,61.7,At Risk
4873,118,3,61.7,Loyal
1223,30,4,61.6,Loyal
1864,94,4,61.6,Loyal
1202,161,4,61.6,Potential
4410,79,4,61.55,Loyal
3424,136,3,61.54,Potential
2741,93,4,61.5,Loyal
3927,21,3,61.5,Loyal
4629,44,4,61.42,Loyal
1849,188,3,61.42,Potential
3145,44,4,61.4,Loyal
1678,46,4,61.4,Loyal
4744,63,5,61.4,Loyal
2115,42,3,61.4,Loyal
4508,84,6,61.4,Loyal
4991,373,5,61.34,At Risk
3754,342,2,61.3,At Risk
3379,343,2,61.3,At Risk
3020,125,3,61.3,Potential
2508,3,4,61.25,Loyal
1904,256,3,61.2,Potential
1525,431,2,61.1,At Risk
1370,178,3,61.1,Potential
2639,48,3,61.1,Loyal
3987,133,4,61.05,Potential
4622,475,4,60.94,Lost
4264,233,4,60.9,Potential
3616,420,3,60.9,At Risk
1629,205,3,60.9,Potential
2125,188,2,60.9,Potential
3742,130,2,60.86,Potential
4359,97,3,60.85,Loyal
4450,153,3,60.8,Potential
2945,164,2,60.8,Potential
2956,28,5,60.8,Loyal
1298,156,3,60.8,Potential
3551,159,3,60.7,Potential
1489,190,5,60.7,Potential
2606,338,3,60.7,At Risk
3220,53,5,60.7,Loyal
3420,306,3,60.7,At Risk
1003,323,4,60.65,At Risk
4285,1,4,60.65,Loyal
2388,406,4,60.62,At Risk
3912,358,3,60.6,At Risk
2699,32,5,60.55,Loyal
3219,148,3,60.54,Potential
3921,419,4,60.4,At Risk
1536,242,3,60.4,Potential
4016,253,2,60.4,Potential
2685,84,5,60.4,Loyal
4620,294,3,60.36,At Risk
2927,330,5,60.36,At Risk
2920,80,5,60.3,Loyal
2904,104,4,60.3,Loyal
3731,423,4,60.22,At Risk
1533,53,3,60.14,Loyal
1847,257,4,60.05,Potential
2422,49,2,60.0,Loyal
3252,130,5,60.0,Potential
4954,97,4,60.0,Loyal
4116,243,3,60.0,Potential
3452,59,4,60.0,Loyal
4881,155,3,59.94,Potential
1174,322,5,59.9,At Risk
1822,302,4,59.9,At Risk
4965,80,2,59.9,Loyal
3515,180,5,59.8,Potential
2172,303,2,59.8,At Risk
3382,412,3,59.75,At Risk
4507,137,2,59.7,Potential
1346,236,3,59.7,Potential
4664,218,3,59.6,Potential
2899,36,4,59.6,Loyal
3157,448,3,59.52,At Risk
4053,283,1,59.5,At Risk
4571,269,3,59.5,Potential
2965,571,2,59.45,Lost
4665,307,4,59.42,At Risk
1791,454,3,59.4,At Risk
3006,3,3,59.3,Loyal
2536,53,3,59.3,Loyal
1902,29,3,59.22,Loyal
1512,101,4,59.21,Loyal
4256,590,3,59.2,Lost
2802,380,4,59.2,At Risk
2264,352,3,59.2,At Risk
4586,460,3,59.1,Lost
2598,49,1,59.1,Loyal
1064,158,3,59.1,Potential
3838,16,3,59.1,Loyal
2078,75,2,59.04,Loyal
3415,217,2,59.0,Potential
4593,134,4,59.0,Potential
4477,318,2,58.95,At Risk
1751,280,4,58.9,At Risk
1214,354,2,58.9,At Risk
4919,275,2,58.9,At Risk
2195,173,4,58.76,Potential
1088,30,3,58.75,Loyal
3772,94,4,58.72,Loyal
2994,536,2,58.7,Lost
2276,353,3,58.7,At Risk
1240,260,3,58.64,Potential
1764,45,5,58.6,Loyal
2934,108,4,58.5,Loyal
4377,310,2,58.5,At Risk
1037,14,3,58.44,Loyal
4254,138,3,58.42,Potential
2557,68,3,58.4,Loyal
3110,525,2,58.4,Lost
2846,98,3,58.36,Loyal
3021,334,4,58.3,At Risk
3859,91,2,58.3,Loyal
4369,127,4,58.3,Potential
4166,54,4,58.26,Loyal
1995,201,5,58.22,Potential
1024,142,1,58.2,Potential
1597,328,4,58.2,At Risk
1056,51,3,58.2,Loyal
1306,40,3,58.19,Loyal
4065,176,6,58.04,Potential
2076,26,4,58.0,Loyal
1348,104,2,58.0,Loyal
4833,295,3,57.95,At Risk
4198,287,2,57.9,At Risk
3861,176,3,57.85,Potential
1268,437,4,57.8,At Risk
1095,61,3,57.76,Loyal
3816,12,4,57.7,Loyal
4125,199,5,57.6,Potential
4009,169,4,57.6,Potential
4161,97,2,57.6,Loyal
1676,80,4,57.6,Loyal
2282,233,1,57.6,Potential
1772,58,4,57.5,Loyal
1547,256,3,57.5,Potential
2361,88,4,57.5,Loyal
3851,234,4,57.5,Potential
1199,20,4,57.5,Loyal
2531,493,2,57.5,Lost
4219,75,4,57.5,Loyal
1763,3,3,57.45,Loyal
4035,149,4,57.4,Potential
1664,273,3,57.4,At Risk
2875,59,3,57.4,Loyal
1246,366,4,57.4,At Risk
2679,379,3,57.39,At Risk
2326,31,3,57.3,Loyal
2471,139,3,57.3,Potential
4547,346,2,57.3,At Risk
3257,320,2,57.25,At Risk
3840,155,5,57.22,Potential
4898,157,3,57.2,Potential
1953,296,1,57.2,At Risk
1578,190,4,57.2,Potential
2657,223,2,57.2,Potential
3936,511,2,57.15,Lost
2472,347,4,57.1,At Risk
4768,292,1,57.0,At Risk
1302,92,4,56.96,Loyal
2506,3,4,56.9,Loyal
1988,113,2,56.9,Loyal
3594,110,2,56.8,Loyal
2933,268,2,56.8,Potential
2158,151,2,56.8,Potential
4089,87,3,56.65,Loyal
1843,24,4,56.65,Loyal
2371,122,3,56.6,Loyal
3310,230,4,56.55,Potential
4443,415,3,56.5,At Risk
2837,102,5,56.45,Loyal
2444,196,3,56.43,Potential
2106,36,5,56.4,Loyal
3202,46,3,56.4,Loyal
3893,259,5,56.34,Potential
2671,156,4,56.3,Potential
3055,134,1,56.2,Potential
4173,233,2,56.2,Potential
4132,393,4,56.16,At Risk
4619,197,2,56.1,Potential
3750,227,3,56.1,Potential
1498,63,4,56.1,Loyal
1394,220,2,56.1,Potential
1739,213,2,55.9,Potential
3975,306,2,55.8,At Risk
2939,149,3,55.8,Potential
4705,222,5,55.8,Potential
4343,9,2,55.78,Loyal
2458,129,2,55.7,Potential
4909,65,2,55.7,Loyal
3279,399,3,55.69,At Risk
4966,339,2,55.6,At Risk
3896,111,4,55.6,Loyal
1517,151,4,55.5,Potential
3265,21,2,55.5,Loyal
4752,226,3,55.45,Potential
3770,351,1,55.4,At Risk
2010,11,4,55.34,Loyal
4709,509,3,55.3,Lost
2843,16,4,55.3,Loyal
3781,98,3,55.3,Loyal
1717,51,3,55.3,Loyal
2074,10,4,55.2,Loyal
2936,205,2,55.2,Potential
3696,423,2,55.1,At Risk
1912,130,3,55.1,Potential
2249,215,2,55.1,Potential
1291,285,4,55.0,At Risk
4080,180,4,54.9,Potential
1961,15,6,54.9,Loyal
1386,152,3,54.8,Potential
1689,386,2,54.8,At Risk
1981,60,2,54.7,Loyal
3525,319,2,54.7,At Risk
3554,160,4,54.7,Potential
4245,209,4,54.6,Potential
1451,337,2,54.56,At Risk
1852,478,4,54.52,Lost
1143,249,5,54.5,Potential
4655,150,4,54.5,Potential
1449,88,4,54.45,Loyal
2032,155,2,54.45,Potential
1150,26,4,54.4,Loyal
2903,144,3,54.4,Potential
3040,445,1,54.4,At Risk
2205,298,2,54.3,At Risk
4439,131,3,54.3,Potential
2943,193,4,54.23,Potential
4420,308,3,54.2,At Risk
4559,232,4,54.2,Potential
3024,372,2,54.2,At Risk
2891,181,1,54.15,Potential
3813,346,2,54.1,At Risk
3068,194,3,54.1,Potential
1163,16,3,54.1,Loyal
3330,157,2,54.0,Potential
4466,118,3,54.0,Loyal
1301,57,3,54.0,Loyal
4764,94,3,53.95,Loyal
3787,97,3,53.95,Loyal
1803,232,4,53.9,Potential
4649,451,5,53.86,At Risk
1000,35,5,53.8,Loyal
2740,181,2,53.8,Potential
2368,49,1,53.8,Loyal
4200,555,1,53.76,Lost
3697,88,4,53.73,Loyal
3473,267,3,53.72,Potential
2281,64,1,53.7,Loyal
2147,48,4,53.6,Loyal
3667,382,4,53.6,At Risk
2080,253,2,53.6,Potential
2620,16,4,53.55,Loyal
4711,104,4,53.55,Loyal
2763,320,4,53.54,At Risk
4513,56,2,53.49,Loyal
3401,93,3,53.4,Loyal
1021,53,3,53.4,Loyal
4790,137,3,53.39,Potential
4385,43,2,53.38,Loyal
1580,25,7,53.35,Loyal
4422,437,2,53.32,At Risk
1111,40,4,53.3,Loyal
1138,119,3,53.3,Loyal
3577,232,3,53.3,Potential
4615,427,2,53.3,At Risk
4341,430,3,53.23,At Risk
2908,290,3,53.2,At Risk
4771,369,3,53.2,At Risk
1679,22,4,53.2,Loyal
1964,394,4,53.17,At Risk
2586,65,2,53.1,Loyal
2108,90,3,53.1,Loyal
2527,141,2,53.1,Potential
2352,239,3,53.09,Potential
4944,88,4,53.05,Loyal
2064,131,3,53.0,Potential
1524,25,4,52.8,Loyal
4149,285,4,52.8,At Risk
1669,133,1,52.74,Potential
4950,252,3,52.72,Potential
3815,106,4,52.6,Loyal
3513,123,2,52.5,Loyal
1378,79,2,52.5,Loyal
3897,129,5,52.5,Potential
3249,373,2,52.35,At Risk
3941,415,1,52.34,At Risk
2576,370,2,52.3,At Risk
2323,368,2,52.3,At Risk
2833,138,1,52.3,Potential
3411,194,4,52.3,Potential
4115,222,4,52.22,Potential
3378,351,4,52.2,At Risk
2831,358,4,52.2,At Risk
3387,234,3,52.12,Potential
2768,363,2,52.1,At Risk
4271,376,2,52.04,At Risk
1101,367,3,52.0,At Risk
2397,87,2,51.94,Loyal
1253,193,2,51.94,Potential
2109,63,4,51.9,Loyal
1485,171,2,51.9,Potential
3253,193,2,51.9,Potential
2890,248,2,51.86,Potential
4856,346,3,51.85,At Risk
2007,37,2,51.85,Loyal
1186,248,4,51.83,Potential
3969,300,2,51.8,At Risk
1546,361,3,51.8,At Risk
1996,234,4,51.75,Potential
4868,242,5,51.7,Potential
2438,313,2,51.6,At Risk
1047,143,3,51.6,Potential
4465,366,2,51.6,At Risk
2390,131,5,51.56,Potential
4205,311,2,51.5,At Risk
2345,13,4,51.5,Loyal
4393,36,2,51.4,Loyal
1318,95,2,51.3,Loyal
3860,239,2,51.27,Potential
3026,340,5,51.25,At Risk
3406,68,3,51.2,Loyal
3810,237,2,51.2,Potential
1907,164,2,51.2,Potential
3493,331,4,51.1,At Risk
1881,76,5,51.05,Loyal
3156,150,3,51.0,Potential
1869,228,4,51.0,Potential
3198,190,2,51.0,Potential
3662,27,4,51.0,Loyal
3979,105,2,51.0,Loyal
1813,394,1,50.9,At Risk
1258,508,2,50.9,Lost
1077,109,6,50.9,Loyal
3496,99,4,50.9,Loyal
1705,79,4,50.85,Loyal
4751,41,3,50.8,Loyal
3426,66,4,50.8,Loyal
1760,341,3,50.8,At Risk
4822,179,6,50.8,Potential
2392,15,2,50.8,Loyal
4911,357,3,50.75,At Risk
2797,109,2,50.7,Loyal
2353,242,4,50.7,Potential
1072,68,2,50.7,Loyal
1698,161,3,50.64,Potential
3235,2,3,50.6,Loyal
1433,464,1,50.6,Lost
4858,318,3,50.6,At Risk
3601,10,4,50.5,Loyal
3676,67,2,50.49,Loyal
4210,145,2,50.44,Potential
2728,32,2,50.4,Loyal
3585,162,2,50.4,Potential
4304,319,3,50.36,At Risk
3674,139,4,50.34,Potential
4140,678,3,50.2,Lost
3267,346,4,50.2,At Risk
4172,83,3,50.15,Loyal
1421,145,4,50.12,Potential
3413,98,5,50.1,Loyal
4493,62,4,50.1,Loyal
1078,63,2,50.0,Loyal
1732,215,3,50.0,Potential
3886,42,3,50.0,Loyal
4331,111,3,50.0,Loyal
4355,39,4,50.0,Loyal
3729,31,2,49.94,Loyal
3259,119,4,49.92,Loyal
4265,18,5,49.9,Loyal
4605,68,3,49.9,Loyal
2742,81,3,49.85,Loyal
1980,76,5,49.83,Loyal
1812,77,1,49.8,Loyal
2838,50,3,49.8,Loyal
1529,196,3,49.7,Potential
2450,152,3,49.7,Potential
1316,279,3,49.6,At Risk
1935,489,4,49.6,Lost
4413,80,3,49.5,Loyal
1746,77,5,49.5,Loyal
1434,397,3,49.5,At Risk
3916,87,3,49.5,Loyal
3807,65,2,49.5,Loyal
3726,218,2,49.5,Potential
1423,443,2,49.46,At Risk
3828,198,4,49.4,Potential
2009,80,3,49.4,Loyal
3209,2,5,49.4,Loyal
4599,616,2,49.4,Lost
2984,309,4,49.4,At Risk
3264,269,5,49.35,Potential
4342,287,5,49.3,At Risk
1502,60,2,49.3,Loyal
2522,509,3,49.3,Lost
2594,223,4,49.3,Potential
2143,158,3,49.3,Potential
2827,60,2,49.22,Loyal
2682,29,5,49.2,Loyal
1147,409,3,49.2,At Risk
3611,320,2,49.15,At Risk
3528,134,3,49.15,Potential
4460,171,3,49.15,Potential
4085,92,4,49.1,Loyal
4273,199,4,49.1,Potential
1158,74,4,49.1,Loyal
2126,612,1,49.0,Lost
2378,259,1,49.0,Potential
4216,246,5,48.9,Potential
1568,661,2,48.9,Lost
3397,313,3,48.9,At Risk
3939,323,2,48.89,At Risk
4229,132,3,48.8,Potential
1009,86,4,48.75,Loyal
3923,337,3,48.74,At Risk
1260,452,2,48.74,At Risk
4849,227,3,48.64,Potential
1818,111,4,48.6,Loyal
1631,138,2,48.6,Potential
1752,255,5,48.6,Potential
4848,77,3,48.5,Loyal
1499,51,5,48.5,Loyal
3307,85,4,48.5,Loyal
2411,618,3,48.4,Lost
1134,391,3,48.4,At Risk
3622,2,5,48.4,Loyal
4702,52,2,48.39,Loyal
2516,152,2,48.3,Potential
3096,130,3,48.3,Potential
1431,53,4,48.3,Loyal
2753,113,3,48.2,Loyal
3940,296,2,48.2,At Risk
3112,225,4,48.2,Potential
2062,99,3,48.11,Loyal
4349,291,4,48.1,At Risk
3618,449,2,48.1,At Risk
4903,22,2,48.1,Loyal
4094,275,4,48.1,At Risk
1040,34,4,48.1,Loyal
3989,438,3,48.1,At Risk
1604,49,4,48.0,Loyal
4815,705,1,47.9,Lost
2295,2,4,47.9,Loyal
4171,210,3,47.9,Potential
4887,413,3,47.9,At Risk
3694,13,5,47.7,Loyal
4374,467,2,47.7,Lost
1872,128,3,47.7,Potential
3302,222,3,47.7,Potential
4542,346,3,47.7,At Risk
2016,137,2,47.6,Potential
4651,192,3,47.5,Potential
1387,578,2,47.46,Lost
1897,339,4,47.4,At Risk
2039,99,2,47.4,Loyal
4055,645,1,47.4,Lost
4644,127,2,47.4,Potential
3263,531,3,47.3,Lost
1801,201,5,47.3,Potential
2002,71,1,47.3,Loyal
3563,35,4,47.3,Loyal
4017,56,4,47.3,Loyal
4539,296,3,47.3,At Risk
1848,177,4,47.25,Potential
1605,177,5,47.1,Potential
2670,245,2,47.1,Potential
1280,140,4,47.1,Potential
3178,22,5,47.1,Loyal
1261,223,2,47.05,Potential
4185,348,2,47.0,At Risk
3065,367,3,46.95,At Risk
4841,13,4,46.9,Loyal
2859,322,2,46.9,At Risk
1458,128,3,46.9,Potential
1799,94,4,46.82,Loyal
4713,336,2,46.8,At Risk
3630,159,2,46.8,Potential
2922,4,3,46.7,Loyal
3195,175,3,46.7,Potential
2480,101,5,46.7,Loyal
3445,90,3,46.7,Loyal
1262,526,2,46.6,Lost
4738,137,3,46.5,Potential
2485,226,3,46.45,Potential
2709,132,4,46.45,Potential
4847,330,4,46.42,At Risk
3283,181,4,46.4,Potential
1359,580,1,46.4,Lost
1569,589,3,46.4,Lost
4259,189,5,46.37,Potential
4361,116,4,46.25,Loyal
2427,187,3,46.15,Potential
4480,566,2,46.06,Lost
3003,601,3,46.04,Lost
3648,211,1,46.0,Potential
3892,163,2,46.0,Potential
1589,490,2,46.0,Lost
4408,254,4,45.92,Potential
2082,37,4,45.9,Loyal
3212,256,2,45.9,Potential
4798,39,3,45.84,Loyal
3125,451,2,45.8,At Risk
1842,310,3,45.8,At Risk
2655,182,2,45.76,Potential
3076,22,2,45.7,Loyal
3011,191,5,45.7,Potential
2455,360,2,45.7,At Risk
3455,42,3,45.7,Loyal
4069,241,3,45.7,Potential
3512,43,2,45.7,Loyal
2228,214,2,45.66,Potential
2183,366,3,45.6,At Risk
1538,30,3,45.55,Loyal
1770,41,5,45.52,Loyal
3966,212,5,45.52,Potential
3502,477,5,45.52,Lost
1490,87,2,45.5,Loyal
3487,431,6,45.5,At Risk
3381,390,2,45.5,At Risk
3151,96,3,45.45,Loyal
4298,158,3,45.45,Potential
3159,333,3,45.44,At Risk
4917,393,3,45.4,At Risk
3801,68,3,45.4,Loyal
3060,178,3,45.4,Potential
4839,11,4,45.34,Loyal
2941,88,6,45.3,Loyal
4956,405,3,45.3,At Risk
3351,77,2,45.2,Loyal
3344,273,5,45.2,At Risk
1405,305,2,45.2,At Risk
4516,23,2,45.2,Loyal
3965,365,4,45.15,At Risk
1548,455,3,45.1,At Risk
2566,333,1,44.92,At Risk
3541,652,2,44.9,Lost
1909,121,2,44.8,Loyal
4270,325,3,44.72,At Risk
4034,47,3,44.7,Loyal
2003,37,2,44.7,Loyal
4553,200,2,44.7,Potential
4626,6,3,44.7,Loyal
3980,105,3,44.7,Loyal
4452,37,2,44.6,Loyal
2113,114,3,44.6,Loyal
4774,167,2,44.5,Potential
4731,270,1,44.4,At Risk
3303,339,3,44.4,At Risk
1714,150,2,44.4,Potential
4854,372,3,44.35,At Risk
1425,97,4,44.32,Loyal
3795,347,3,44.3,At Risk
1965,148,2,44.2,Potential
2156,145,4,44.2,Potential
3423,211,4,44.2,Potential
1388,271,3,44.2,At Risk
4415,337,4,44.2,At Risk
1393,491,3,44.15,Lost
4090,307,3,44.12,At Risk
3191,0,2,44.09,Loyal
4488,379,3,44.0,At Risk
4874,7,2,43.95,Loyal
1054,70,4,43.9,Loyal
3755,93,3,43.9,Loyal
3458,139,5,43.9,Potential
2644,588,3,43.9,Lost
2177,454,3,43.85,At Risk
4397,186,4,43.84,Potential
2981,27,4,43.8,Loyal
4278,545,2,43.8,Lost
3318,162,2,43.8,Potential
4339,405,3,43.76,At Risk
4329,433,3,43.75,At Risk
1590,137,3,43.7,Potential
2642,273,3,43.6,At Risk
3217,285,3,43.6,At Risk
2619,371,3,43.56,At Risk
3341,15,2,43.52,Loyal
3767,207,4,43.5,Potential
1184,197,2,43.5,Potential
4818,285,3,43.5,At Risk
2962,248,4,43.45,Potential
2608,102,4,43.4,Loyal
2545,42,6,43.35,Loyal
1950,49,5,43.35,Loyal
4462,206,4,43.3,Potential
1877,456,4,43.22,Lost
2538,156,3,43.2,Potential
4668,332,3,43.2,At Risk
3169,181,2,43.2,Potential
4070,156,3,43.1,Potential
1382,92,3,43.0,Loyal
1730,5,4,43.0,Loyal
4290,482,3,42.85,Lost
2278,142,3,42.84,Potential
2588,2,2,42.8,Loyal
3142,485,5,42.8,Lost
4048,236,3,42.65,Potential
3759,113,4,42.62,Loyal
1025,133,3,42.62,Potential
3546,38,3,42.6,Loyal
4978,711,1,42.6,Lost
4046,366,4,42.42,At Risk
3977,258,2,42.4,Potential
4647,316,2,42.4,At Risk
3061,25,4,42.35,Loyal
1805,204,3,42.3,Potential
3532,218,3,42.3,Potential
1990,151,3,42.2,Potential
1936,137,2,42.2,Potential
2818,38,3,42.2,Loyal
2627,60,3,42.2,Loyal
3250,262,2,42.1,Potential
4502,38,4,42.04,Loyal
4484,33,3,41.92,Loyal
4850,168,2,41.9,Potential
1977,352,1,41.9,At Risk
1635,35,3,41.86,Loyal
4407,314,3,41.85,At Risk
3359,523,2,41.82,Lost
4021,425,3,41.8,At Risk
2674,483,3,41.7,Lost
1667,352,1,41.6,At Risk
2324,134,3,41.6,Potential
3043,359,1,41.4,At Risk
1775,80,1,41.4,Loyal
4971,227,3,41.4,Potential
2886,383,2,41.4,At Risk
4895,114,4,41.35,Loyal
2593,443,3,41.32,At Risk
2721,142,2,41.3,Potential
4282,190,2,41.2,Potential
2486,35,2,41.15,Loyal
2179,258,1,41.15,Potential
4300,270,3,41.1,At Risk
1728,137,3,41.1,Potential
3118,1,3,41.0,Loyal
1570,285,2,41.0,At Risk
1383,310,3,41.0,At Risk
1135,173,3,40.97,Potential
3039,32,4,40.95,Loyal
2168,35,3,40.95,Loyal
4083,502,1,40.9,Lost
1840,367,2,40.9,At Risk
1530,445,2,40.9,At Risk
1738,455,4,40.85,At Risk
1282,42,5,40.7,Loyal
1236,233,2,40.6,Potential
2206,74,3,40.5,Loyal
1511,283,2,40.42,At Risk
2155,414,4,40.4,At Risk
3564,179,3,40.3,Potential
2949,577,2,40.26,Lost
1104,64,4,40.25,Loyal
3075,76,3,40.2,Loyal
4401,447,4,40.2,At Risk
3464,548,2,40.2,Lost
3074,261,2,40.14,Potential
2173,141,2,40.1,Potential
2479,351,5,40.05,At Risk
2913,179,2,40.03,Potential
3514,382,2,40.0,At Risk
3016,29,3,40.0,Loyal
4318,489,3,39.95,Lost
3291,150,2,39.9,Potential
1686,594,3,39.9,Lost
2263,181,1,39.9,Potential
4196,53,5,39.9,Loyal
4955,385,3,39.8,At Risk
2704,42,2,39.8,Loyal
1263,437,2,39.8,At Risk
1650,551,2,39.8,Lost
4311,389,2,39.8,At Risk
4250,431,2,39.76,At Risk
1985,34,3,39.75,Loyal
4758,389,4,39.7,At Risk
4168,392,2,39.7,At Risk
4428,129,3,39.7,Potential
1099,139,3,39.7,Potential
1919,134,2,39.6,Potential
1672,84,3,39.6,Loyal
2101,10,4,39.6,Loyal
4888,320,2,39.55,At Risk
4727,39,4,39.5,Loyal
4287,146,2,39.5,Potential
3233,430,1,39.5,At Risk
2572,217,1,39.4,Potential
4020,263,2,39.4,Potential
2301,6,4,39.35,Loyal
3533,495,1,39.3,Lost
2190,80,2,39.1,Loyal
1323,57,3,39.1,Loyal
1448,286,2,39.1,At Risk
1873,102,3,39.1,Loyal
1720,25,2,39.04,Loyal
1244,400,3,39.02,At Risk
1942,441,2,39.0,At Risk
2626,508,2,39.0,Lost
3092,6,3,39.0,Loyal
1058,50,4,38.9,Loyal
4724,118,2,38.9,Loyal
1657,597,3,38.9,Lost
3712,10,3,38.82,Loyal
4167,115,3,38.75,Loyal
1418,393,3,38.7,At Risk
1854,157,3,38.7,Potential
1858,249,2,38.7,Potential
1666,259,2,38.7,Potential
4014,45,4,38.66,Loyal
2967,327,3,38.65,At Risk
1575,360,5,38.62,At Risk
1927,229,2,38.6,Potential
2123,572,1,38.6,Lost
3150,506,3,38.59,Lost
2313,315,2,38.54,At Risk
3888,17,2,38.42,Loyal
2283,346,2,38.42,At Risk
1809,429,2,38.4,At Risk
4551,155,2,38.4,Potential
2611,366,3,38.35,At Risk
2461,87,2,38.3,Loyal
3441,262,2,38.3,Potential
1585,357,4,38.3,At Risk
2667,197,2,38.29,Potential
1828,281,3,38.25,At Risk
3352,52,3,38.2,Loyal
3278,396,2,38.2,At Risk
1181,44,3,38.2,Loyal
4458,649,2,38.2,Lost
4677,76,3,38.2,Loyal
2095,92,2,38.2,Loyal
3331,158,2,38.12,Potential
4001,192,3,38.1,Potential
2791,404,1,38.1,At Risk
2892,405,2,38.0,At Risk
4701,244,1,37.95,Potential
1701,227,1,37.9,Potential
3143,220,2,37.9,Potential
3561,367,4,37.9,At Risk
2476,26,5,37.85,Loyal
1694,455,2,37.8,At Risk
4063,48,2,37.8,Loyal
2546,237,2,37.8,Potential
2187,136,3,37.75,Potential
3929,54,4,37.74,Loyal
2737,369,2,37.73,At Risk
4640,96,3,37.69,Loyal
4176,239,3,37.66,Potential
2951,8,3,37.65,Loyal
3854,286,3,37.62,At Risk
1539,94,2,37.6,Loyal
2778,549,4,37.59,Lost
1376,183,3,37.58,Potential
3335,481,1,37.5,Lost
4534,441,2,37.5,At Risk
2770,168,2,37.5,Potential
4174,438,2,37.5,At Risk
2027,447,2,37.45,At Risk
4810,137,2,37.4,Potential
3305,189,3,37.34,Potential
4696,134,3,37.2,Potential
2739,102,2,37.2,Loyal
1555,278,1,37.2,At Risk
4317,643,2,37.1,Lost
4051,336,2,37.1,At Risk
2343,214,4,37.1,Potential
1409,155,3,37.06,Potential
3553,212,3,37.05,Potential
4079,101,3,37.0,Loyal
1627,263,3,37.0,Potential
4934,60,4,37.0,Loyal
3578,228,2,36.96,Potential
4139,34,2,36.9,Loyal
2634,252,1,36.9,Potential
1573,343,3,36.9,At Risk
1545,74,3,36.8,Loyal
2858,493,1,36.8,Lost
4763,63,3,36.8,Loyal
4830,372,4,36.7,At Risk
2714,290,1,36.7,At Risk
4663,621,3,36.65,Lost
4882,60,2,36.6,Loyal
1941,105,2,36.6,Loyal
2788,118,4,36.6,Loyal
4614,67,5,36.6,Loyal
1914,209,3,36.55,Potential
2067,140,4,36.54,Potential
1173,69,4,36.5,Loyal
3753,367,2,36.5,At Risk
1830,348,2,36.5,At Risk
4368,79,4,36.4,Loyal
2060,157,2,36.4,Potential
2895,138,1,36.3,Potential
1389,315,3,36.3,At Risk
3085,172,2,36.2,Potential
3628,516,1,36.16,Lost
3218,567,2,36.1,Lost
2673,20,4,36.1,Loyal
4863,0,2,36.1,Loyal
4960,133,4,36.0,Potential
3403,623,3,35.92,Lost
3477,531,1,35.9,Lost
1874,154,4,35.9,Potential
1508,45,4,35.9,Loyal
2888,10,4,35.9,Loyal
4209,519,2,35.8,Lost
2098,436,2,35.8,At Risk
3800,325,3,35.8,At Risk
1607,444,2,35.76,At Risk
1042,75,3,35.75,Loyal
3974,194,3,35.7,Potential
2537,77,3,35.6,Loyal
2995,315,2,35.59,At Risk
4635,75,4,35.5,Loyal
2280,353,2,35.5,At Risk
1596,169,4,35.45,Potential
1364,152,4,35.4,Potential
2585,291,4,35.4,At Risk
3955,37,2,35.4,Loyal
4087,126,2,35.3,Potential
2046,131,2,35.25,Potential
3738,0,4,35.2,Loyal
1154,227,3,35.2,Potential
3792,518,1,35.1,Lost
1617,275,4,35.1,At Risk
1463,6,3,35.1,Loyal
4857,155,2,35.1,Potential
3057,532,2,35.1,Lost
1563,612,2,35.0,Lost
2377,258,2,35.0,Potential
3638,207,2,35.0,Potential
1487,423,2,34.9,At Risk
2423,517,2,34.8,Lost
1105,222,2,34.8,Potential
1453,404,2,34.8,At Risk
1201,401,2,34.8,At Risk
2520,24,3,34.77,Loyal
3901,395,2,34.7,At Risk
4354,348,2,34.7,At Risk
1916,44,3,34.65,Loyal
1149,18,2,34.6,Loyal
1145,84,3,34.6,Loyal
1117,220,1,34.6,Potential
1571,220,2,34.5,Potential
2094,602,3,34.44,Lost
1196,33,3,34.42,Loyal
4861,108,3,34.4,Loyal
1879,417,4,34.4,At Risk
1709,252,2,34.4,Potential
3461,187,2,34.3,Potential
3417,15,2,34.3,Loyal
2253,162,3,34.3,Potential
4974,420,2,34.24,At Risk
3135,157,3,34.22,Potential
4682,227,3,34.2,Potential
3659,192,4,34.16,Potential
2926,52,3,34.15,Loyal
4943,155,3,34.1,Potential
3871,152,3,34.1,Potential
1771,282,3,34.0,At Risk
4581,271,2,34.0,At Risk
3319,43,2,34.0,Loyal
2429,184,1,33.96,Potential
3720,216,3,33.9,Potential
3725,466,2,33.9,Lost
3199,6,1,33.9,Loyal
1368,168,1,33.9,Potential
3914,356,3,33.82,At Risk
2812,387,2,33.8,At Risk
4033,207,3,33.7,Potential
3475,16,4,33.7,Loyal
2318,348,2,33.7,At Risk
2970,0,2,33.6,Loyal
2677,7,2,33.6,Loyal
3332,333,2,33.55,At Risk
3876,88,3,33.5,Loyal
3695,174,4,33.4,Potential
3056,137,2,33.4,Potential
2662,390,3,33.4,At Risk
2725,702,2,33.4,Lost
2605,487,2,33.35,Lost
2275,150,2,33.32,Potential
2347,337,2,33.3,At Risk
2114,54,3,33.3,Loyal
2258,437,3,33.3,At Risk
2030,117,3,33.22,Loyal
4905,35,1,33.2,Loyal
3131,392,2,33.2,At Risk
1374,147,4,33.2,Potential
3242,221,3,33.1,Potential
4400,19,3,33.02,Loyal
3211,91,2,33.0,Loyal
1232,182,3,33.0,Potential
4998,77,1,33.0,Loyal
1122,9,3,33.0,Loyal
2199,576,2,33.0,Lost
4670,80,3,32.9,Loyal
4811,58,3,32.9,Loyal
1861,140,2,32.9,Potential
3521,166,4,32.9,Potential
4518,163,2,32.8,Potential
3367,671,1,32.8,Lost
4327,248,2,32.76,Potential
3964,659,2,32.7,Lost
2088,324,2,32.7,At Risk
1459,165,1,32.66,Potential
1633,143,2,32.62,Potential
2384,362,2,32.6,At Risk
1219,454,2,32.6,At Risk
3747,309,2,32.6,At Risk
1593,144,3,32.6,Potential
2057,47,2,32.54,Loyal
1317,522,3,32.54,Lost
2919,183,2,32.5,Potential
4570,130,2,32.5,Potential
3820,522,2,32.5,Lost
2013,122,3,32.45,Loyal
4047,299,2,32.44,At Risk
2856,131,2,32.4,Potential
1727,165,2,32.4,Potential
3885,76,2,32.4,Loyal
4533,223,3,32.4,Potential
3641,3,3,32.3,Loyal
3425,380,3,32.3,At Risk
2036,490,3,32.3,Lost
3908,173,2,32.3,Potential
2053,100,3,32.2,Loyal
1057,570,3,32.15,Lost
2651,475,2,32.12,Lost
3317,184,3,32.11,Potential
1577,289,1,32.1,At Risk
3449,31,3,32.0,Loyal
2006,22,2,32.0,Loyal
2845,90,2,31.9,Loyal
1408,160,3,31.9,Potential
2603,550,1,31.86,Lost
4145,263,3,31.84,Potential
3992,410,2,31.75,At Risk
1085,137,3,31.74,Potential
2966,399,2,31.7,At Risk
1645,451,2,31.7,At Risk
3565,624,1,31.54,Lost
3326,244,2,31.5,Potential
3152,36,1,31.5,Loyal
4081,71,3,31.44,Loyal
4913,151,3,31.4,Potential
3019,11,2,31.4,Loyal
3945,87,3,31.4,Loyal
3710,130,3,31.3,Potential
3791,280,2,31.2,At Risk
4674,578,3,31.2,Lost
3890,65,4,31.1,Loyal
1164,275,2,31.1,At Risk
3805,468,3,31.1,Lost
4936,290,2,31.1,At Risk
2887,347,2,31.1,At Risk
1429,326,2,31.1,At Risk
2141,297,4,31.0,At Risk
3172,304,3,31.0,At Risk
2174,468,3,30.8,Lost
3147,6,2,30.75,Loyal
2451,458,3,30.65,Lost
1121,655,1,30.62,Lost
3550,377,3,30.6,At Risk
2214,345,1,30.6,At Risk
3188,24,3,30.59,Loyal
1189,544,2,30.55,Lost
4625,267,2,30.5,Potential
2631,94,3,30.5,Loyal
3196,56,2,30.44,Loyal
3004,323,2,30.35,At Risk
2329,168,2,30.3,Potential
4332,36,2,30.25,Loyal
2335,160,2,30.2,Potential
3852,273,3,30.1,At Risk
1447,573,1,30.0,Lost
1662,201,2,30.0,Potential
1665,31,3,30.0,Loyal
1920,317,2,30.0,At Risk
3073,347,2,30.0,At Risk
4802,507,1,30.0,Lost
4575,20,4,29.94,Loyal
2468,292,2,29.8,At Risk
1470,567,1,29.7,Lost
4907,253,2,29.7,Potential
2954,208,3,29.5,Potential
2577,66,4,29.45,Loyal
3313,266,3,29.4,Potential
2733,161,3,29.3,Potential
4983,382,3,29.22,At Risk
4801,148,2,29.2,Potential
1598,303,3,29.2,At Risk
2798,130,4,29.2,Potential
1683,132,2,29.2,Potential
4927,72,2,29.2,Loyal
2734,275,1,29.14,At Risk
3825,702,1,29.14,Lost
4479,323,4,29.1,At Risk
1166,575,2,29.1,Lost
3069,265,2,29.0,Potential
4995,576,2,29.0,Lost
2862,144,3,28.98,Potential
3636,230,3,28.9,Potential
3542,172,2,28.9,Potential
3018,186,3,28.8,Potential
1272,521,1,28.8,Lost
4729,266,3,28.74,Potential
2881,577,2,28.65,Lost
4639,403,1,28.6,At Risk
4136,141,3,28.6,Potential
4979,250,3,28.6,Potential
3177,438,2,28.6,At Risk
1841,234,2,28.6,Potential
2308,476,2,28.6,Lost
4996,36,3,28.5,Loyal
4552,74,3,28.5,Loyal
3494,179,3,28.45,Potential
1192,355,2,28.4,At Risk
4714,122,2,28.4,Loyal
3047,114,2,28.3,Loyal
4611,125,2,28.3,Loyal
2976,211,2,28.21,Potential
2220,148,2,28.2,Potential
3448,460,1,28.2,Lost
2541,474,3,28.2,Lost
3722,516,3,28.2,Lost
4481,467,2,28.1,Lost
4595,145,2,28.1,Potential
3366,376,2,28.1,At Risk
3391,9,1,28.0,Loyal
2774,63,3,27.96,Loyal
3404,23,2,27.94,Loyal
3012,101,3,27.9,Loyal
3244,40,3,27.9,Loyal
3569,419,3,27.8,At Risk
4242,21,3,27.76,Loyal
3707,187,2,27.75,Potential
2227,193,2,27.7,Potential
2931,543,1,27.7,Lost
1531,345,2,27.7,At Risk
4948,586,2,27.6,Lost
1640,662,2,27.4,Lost
3386,330,4,27.4,At Risk
4409,349,2,27.34,At Risk
3078,120,2,27.3,Loyal
3008,539,2,27.3,Lost
2192,323,2,27.3,At Risk
3826,612,1,27.24,Lost
2615,580,2,27.2,Lost
4866,131,3,27.1,Potential
4189,110,2,27.1,Loyal
4241,454,2,27.1,At Risk
1238,304,1,27.0,At Risk
1334,206,2,27.0,Potential
2334,668,2,27.0,Lost
2686,375,2,27.0,At Risk
2853,408,2,26.9,At Risk
2477,209,3,26.9,Potential
2658,75,2,26.9,Loyal
3711,175,2,26.85,Potential
1255,460,1,26.8,Lost
2828,697,1,26.8,Lost
1769,0,2,26.8,Loyal
1685,134,4,26.7,Potential
4987,357,3,26.4,At Risk
2473,182,2,26.4,Potential
1112,265,1,26.36,Potential
2342,376,2,26.3,At Risk
1794,104,2,26.3,Loyal
4884,699,1,26.3,Lost
3451,121,4,26.2,Loyal
2398,356,3,26.2,At Risk
2285,14,2,26.2,Loyal
2259,562,3,26.15,Lost
4900,455,2,26.1,Lost
3269,84,2,26.1,Loyal
1200,95,3,26.05,Loyal
4517,430,1,26.0,At Risk
3231,274,2,26.0,At Risk
4985,4,4,25.97,Loyal
1972,211,2,25.9,Potential
1586,607,2,25.9,Lost
1445,607,3,25.8,Lost
4027,184,2,25.8,Potential
3788,317,1,25.8,At Risk
1610,218,2,25.7,Potential
1284,485,2,25.6,Lost
3739,146,3,25.6,Potential
1344,117,2,25.5,Loyal
1159,199,3,25.45,Potential
1044,66,2,25.4,Loyal
3288,248,3,25.4,Potential
1876,197,1,25.3,Potential
4186,66,1,25.3,Loyal
3293,235,3,25.3,Potential
2084,137,2,25.3,Potential
2621,459,2,25.2,Lost
3001,6,2,25.2,Loyal
3708,118,3,25.2,Loyal
4829,57,1,25.2,Loyal
1960,355,1,25.2,At Risk
4315,248,2,25.2,Potential
2776,595,2,25.14,Lost
1338,506,2,25.1,Lost
4141,48,1,25.1,Loyal
4902,258,3,25.0,Potential
2866,623,1,25.0,Lost
3632,451,2,25.0,At Risk
4052,253,2,24.82,Potential
2322,683,2,24.8,Lost
2752,81,1,24.7,Loyal
4143,663,2,24.7,Lost
3836,24,2,24.7,Loyal
4237,589,1,24.7,Lost
1132,99,3,24.64,Loyal
1273,240,2,24.6,Potential
3032,208,2,24.55,Potential
1707,204,2,24.5,Potential
3432,270,2,24.5,At Risk
3602,429,2,24.5,At Risk
4005,596,1,24.5,Lost
4225,236,2,24.4,Potential
1352,667,1,24.4,Lost
4870,547,3,24.4,Lost
4791,671,2,24.4,Lost
1786,323,3,24.3,At Risk
1357,115,3,24.3,Loyal
2820,401,1,24.2,At Risk
2216,43,1,24.2,Loyal
4436,7,1,24.1,Loyal
4123,16,2,24.0,Loyal
1156,108,1,24.0,Loyal
1005,706,2,24.0,Lost
3238,545,2,24.0,Lost
2050,185,2,23.9,Potential
1481,209,2,23.8,Potential
1048,73,2,23.8,Loyal
3372,673,1,23.8,Lost
4383,393,2,23.7,At Risk
4425,74,1,23.7,Loyal
4621,642,1,23.7,Lost
1369,394,3,23.6,At Risk
3434,203,1,23.52,Potential
4429,162,1,23.5,Potential
1167,317,2,23.5,At Risk
2822,12,2,23.48,Loyal
4844,310,1,23.4,At Risk
4535,25,3,23.4,Loyal
1594,341,3,23.3,At Risk
1975,95,2,23.3,Loyal
4560,180,2,23.2,Potential
4964,30,2,23.15,Loyal
4612,244,2,23.1,Potential
2767,337,1,23.1,At Risk
1299,210,3,23.1,Potential
3383,412,3,23.1,At Risk
2501,112,2,23.0,Loyal
2457,382,3,23.0,At Risk
4031,73,3,23.0,Loyal
3568,74,4,22.85,Loyal
4333,182,1,22.8,Potential
2198,507,1,22.8,Lost
1891,543,2,22.8,Lost
1790,276,2,22.7,At Risk
1292,67,2,22.7,Loyal
2140,0,3,22.7,Loyal
2015,232,2,22.6,Potential
2609,126,2,22.6,Loyal
1193,48,2,22.56,Loyal
1886,28,2,22.56,Loyal
4184,15,3,22.5,Loyal
4347,298,2,22.5,At Risk
3540,300,3,22.4,At Risk
2567,526,1,22.4,Lost
1119,329,1,22.4,At Risk
2801,446,4,22.35,At Risk
4093,478,2,22.3,Lost
3336,279,1,22.2,At Risk
4984,248,3,22.15,Potential
2722,412,2,22.1,At Risk
3052,179,2,22.05,Potential
4307,543,1,21.96,Lost
4522,226,3,21.9,Potential
1871,381,1,21.9,At Risk
4658,169,3,21.9,Potential
5000,323,3,21.8,At Risk
3146,551,2,21.8,Lost
1464,210,2,21.8,Potential
1944,121,2,21.7,Loyal
3958,56,3,21.6,Loyal
3314,504,1,21.6,Lost
3906,197,2,21.6,Potential
3286,7,2,21.6,Loyal
4483,137,2,21.53,Potential
2985,215,2,21.5,Potential
2848,45,2,21.4,Loyal
3538,304,3,21.3,At Risk
3555,442,1,21.2,At Risk
4497,206,2,21.2,Potential
2180,377,2,21.1,At Risk
2526,75,2,21.1,Loyal
3037,310,2,21.1,At Risk
1300,482,1,21.0,Lost
4520,647,3,21.0,Lost
3734,116,2,21.0,Loyal
2414,574,1,21.0,Lost
1556,578,1,20.9,Lost
4689,114,3,20.9,Loyal
1957,333,2,20.8,At Risk
4980,492,1,20.75,Lost
1068,182,2,20.7,Potential
2493,145,2,20.7,Potential
2021,352,1,20.6,At Risk
1695,329,1,20.6,At Risk
2121,422,2,20.6,At Risk
2987,623,1,20.6,Lost
2539,45,2,20.6,Loyal
2103,294,1,20.55,At Risk
2748,637,1,20.4,Lost
1455,287,1,20.4,At Risk
3870,284,2,20.2,At Risk
3991,545,1,20.16,Lost
3536,635,1,20.1,Lost
1681,542,2,20.1,Lost
1437,137,2,20.05,Potential
3155,464,1,20.0,Lost
1257,470,2,20.0,Lost
1845,145,3,20.0,Potential
4181,479,1,20.0,Lost
1066,566,3,19.92,Lost
2161,462,2,19.92,Lost
2490,12,3,19.92,Loyal
3654,14,2,19.8,Loyal
3626,567,2,19.8,Lost
3197,669,1,19.8,Lost
2898,525,3,19.7,Lost
1462,462,2,19.7,Lost
3933,393,2,19.62,At Risk
3230,350,1,19.6,At Risk
2372,118,2,19.6,Loyal
4642,27,2,19.57,Loyal
3883,86,2,19.5,Loyal
2852,205,1,19.5,Potential
2710,77,2,19.5,Loyal
4118,6,1,19.4,Loyal
4135,598,2,19.4,Lost
4010,1,2,19.4,Loyal
2607,405,2,19.3,At Risk
2463,4,3,19.2,Loyal
2219,257,3,19.2,Potential
1350,483,2,19.2,Lost
2112,572,2,19.0,Lost
4920,312,2,19.0,At Risk
4803,365,3,19.0,At Risk
4451,402,1,18.9,At Risk
3606,414,1,18.9,At Risk
1880,106,2,18.8,Loyal
2844,223,1,18.8,Potential
3715,233,3,18.7,Potential
4930,504,1,18.7,Lost
4792,163,2,18.7,Potential
1700,61,2,18.64,Loyal
2998,169,2,18.6,Potential
3566,16,2,18.6,Loyal
3598,259,2,18.5,Potential
3887,462,1,18.44,Lost
3087,368,3,18.4,At Risk
2487,174,2,18.1,Potential
2628,393,1,18.0,At Risk
2075,344,3,18.0,At Risk
4208,695,1,18.0,Lost
2731,263,2,18.0,Potential
4737,102,1,18.0,Loyal
3395,133,2,17.9,Potential
1080,230,2,17.8,Potential
1402,442,1,17.8,At Risk
3834,591,2,17.76,Lost
4918,337,1,17.7,At Risk
1137,95,2,17.6,Loyal
4775,641,1,17.6,Lost
4490,708,1,17.6,Lost
4587,586,1,17.6,Lost
4379,90,2,17.6,Loyal
3130,242,3,17.5,Potential
3845,102,1,17.4,Loyal
1247,452,2,17.4,At Risk
2330,420,2,17.4,At Risk
1313,5,1,17.3,Loyal
3970,423,1,17.2,At Risk
3580,36,2,17.2,Loyal
3234,136,1,17.1,Potential
4491,468,1,17.1,Lost
3466,386,2,17.1,At Risk
1071,460,1,17.1,Lost
2153,381,2,17.09,At Risk
2675,106,3,17.0,Loyal
4279,702,1,16.9,Lost
1755,574,2,16.9,Lost
4158,4,2,16.85,Loyal
1471,496,2,16.8,Lost
1059,564,2,16.8,Lost
2145,18,2,16.8,Loyal
1222,97,2,16.8,Loyal
1496,613,1,16.8,Lost
3408,55,2,16.7,Loyal
1046,189,2,16.7,Potential
3272,192,2,16.65,Potential
3501,156,2,16.6,Potential
1228,310,1,16.6,At Risk
4032,142,2,16.6,Potential
3634,20,2,16.6,Loyal
1630,222,2,16.5,Potential
4885,75,1,16.4,Loyal
3064,362,2,16.4,At Risk
4973,581,1,16.4,Lost
3968,48,2,16.4,Loyal
1029,291,1,16.35,At Risk
1933,435,1,16.2,At Risk
4961,423,1,16.2,At Risk
2894,291,1,16.0,At Risk
1537,332,2,16.0,At Risk
1124,494,2,15.9,Lost
3482,518,3,15.8,Lost
3652,103,2,15.7,Loyal
4630,549,1,15.7,Lost
4435,389,4,15.7,At Risk
3994,393,1,15.7,At Risk
2992,51,1,15.6,Loyal
4730,399,2,15.6,At Risk
4528,78,2,15.4,Loyal
1558,268,1,15.4,At Risk
3000,495,1,15.4,Lost
3706,408,1,15.3,At Risk
2354,497,2,15.3,Lost
1096,155,1,15.3,Potential
4949,134,1,15.2,Potential
4846,391,2,15.0,At Risk
1267,594,1,15.0,Lost
2720,552,1,14.9,Lost
2808,239,3,14.8,Potential
1187,18,3,14.77,Loyal
1860,522,2,14.7,Lost
2953,360,1,14.6,At Risk
4514,531,1,14.6,Lost
3173,158,1,14.6,Potential
1321,261,2,14.6,Potential
4904,389,1,14.5,At Risk
2773,579,1,14.5,Lost
3605,269,1,14.5,At Risk
4378,240,2,14.5,Potential
3377,488,1,14.4,Lost
3624,597,1,14.4,Lost
1745,648,1,14.4,Lost
3105,627,1,14.2,Lost
4454,7,1,14.1,Loyal
1673,631,1,13.9,Lost
3993,315,1,13.9,At Risk
3108,645,1,13.85,Lost
3889,372,2,13.8,At Risk
2197,542,1,13.8,Lost
3103,385,2,13.8,At Risk
3981,5,2,13.7,Loyal
1401,215,2,13.6,Potential
4795,153,1,13.5,Potential
4994,325,1,13.5,At Risk
1436,304,1,13.49,At Risk
4653,416,2,13.4,At Risk
1519,428,1,13.4,At Risk
2826,482,1,13.4,Lost
2442,674,1,13.4,Lost
4739,391,2,13.2,At Risk
2012,276,2,13.2,At Risk
2963,582,2,13.2,Lost
3995,187,1,13.0,Potential
4496,341,1,13.0,At Risk
1915,145,2,13.0,Potential
2637,468,2,12.9,Lost
1898,414,1,12.8,At Risk
2968,74,1,12.64,Loyal
4043,343,1,12.6,At Risk
2456,655,1,12.5,Lost
3418,292,2,12.4,At Risk
1310,403,2,12.4,At Risk
2292,280,1,12.4,At Risk
3097,142,1,12.4,Potential
3943,636,1,12.3,Lost
3453,14,2,12.1,Loyal
3163,366,2,12.1,At Risk
3932,602,1,12.1,Lost
2116,123,2,12.1,Loyal
4945,150,1,12.0,Potential
4805,78,2,12.0,Loyal
1643,246,2,12.0,Potential
3733,512,2,12.0,Lost
3216,321,2,12.0,At Risk
3350,586,2,11.9,Lost
3454,13,1,11.8,Loyal
1397,9,1,11.8,Loyal
3174,324,2,11.8,At Risk
1721,76,2,11.8,Loyal
4309,106,2,11.7,Loyal
1826,376,1,11.7,At Risk
4248,447,1,11.7,At Risk
2008,70,3,11.65,Loyal
3333,311,2,11.6,At Risk
4824,559,1,11.6,Lost
1579,563,1,11.5,Lost
2878,421,2,11.5,At Risk
4562,419,2,11.4,At Risk
3436,278,1,11.4,At Risk
3240,363,2,11.4,At Risk
4423,673,1,11.4,Lost
2417,422,1,11.4,At Risk
3098,117,2,11.4,Loyal
1956,716,1,11.3,Lost
3607,676,1,11.2,Lost
1963,0,1,11.1,Loyal
2889,344,1,11.1,At Risk
1762,182,2,11.0,Potential
2474,324,1,11.0,At Risk
4011,489,1,11.0,Lost
1439,139,1,10.9,Potential
3290,215,1,10.9,Potential
2911,169,2,10.85,Potential
1415,367,2,10.8,At Risk
1266,490,1,10.8,Lost
1036,709,1,10.8,Lost
1925,575,1,10.7,Lost
3007,393,2,10.7,At Risk
4707,322,2,10.7,At Risk
4530,109,2,10.6,Loyal
2558,140,1,10.6,Potential
3610,470,2,10.6,Lost
2350,579,2,10.5,Lost
3179,284,1,10.5,At Risk
1177,77,1,10.45,Loyal
3376,722,1,10.3,Lost
2024,527,2,10.25,Lost
2988,77,1,10.2,Loyal
1688,50,1,10.1,Loyal
2373,495,1,10.1,Lost
4521,106,1,10.0,Loyal
3576,594,1,10.0,Lost
1180,493,2,9.9,Lost
4755,3,1,9.9,Loyal
3422,521,1,9.8,Lost
4590,498,1,9.6,Lost
4982,151,1,9.6,Potential
1469,489,1,9.5,Lost
4072,138,1,9.4,Potential
3944,361,1,9.4,At Risk
3134,206,1,9.4,Potential
1089,390,1,9.3,At Risk
3796,207,1,9.0,Potential
2841,10,1,9.0,Loyal
4472,445,1,9.0,At Risk
2614,188,1,9.0,Potential
2136,323,1,9.0,At Risk
3243,727,1,8.9,Lost
3373,6,2,8.8,Loyal
4506,141,1,8.7,Potential
2096,339,1,8.6,At Risk
3126,393,1,8.5,At Risk
4099,337,2,8.5,At Risk
3700,255,1,8.4,Potential
2717,727,1,8.4,Lost
4703,436,1,8.2,At Risk
2387,659,1,8.1,Lost
1063,341,2,8.1,At Risk
2759,156,1,8.0,Potential
3823,385,1,7.9,At Risk
3777,672,1,7.9,Lost
3136,611,1,7.9,Lost
3080,683,1,7.85,Lost
3874,529,1,7.8,Lost
4834,247,1,7.8,Potential
1400,445,1,7.8,At Risk
2783,274,1,7.8,At Risk
3412,338,1,7.8,At Risk
1227,601,1,7.7,Lost
1744,93,2,7.65,Loyal
3714,571,2,7.65,Lost
1084,621,1,7.6,Lost
1989,112,1,7.6,Loyal
2684,353,1,7.5,At Risk
2425,313,2,7.5,At Risk
2735,212,1,7.4,Potential
3093,292,1,7.32,At Risk
3771,374,1,7.3,At Risk
3510,362,1,7.3,At Risk
1375,80,1,7.2,Loyal
3301,249,1,7.1,Potential
3270,229,1,6.9,Potential
2482,708,1,6.9,Lost
4447,243,1,6.8,Potential
3631,474,1,6.8,Lost
4631,673,1,6.8,Lost
4188,497,1,6.72,Lost
1976,77,1,6.7,Loyal
1251,34,1,6.6,Loyal
3431,517,1,6.6,Lost
4365,313,2,6.5,At Risk
2304,182,1,6.4,Potential
4889,330,1,6.4,At Risk
2302,700,1,6.0,Lost
1243,721,1,6.0,Lost
2297,304,1,5.92,At Risk
1642,458,1,5.9,Lost
3239,33,1,5.9,Loyal
3478,272,1,5.8,At Risk
3124,265,1,5.7,Potential
4366,139,1,5.7,Potential
4247,727,1,5.6,Lost
3824,321,1,5.4,At Risk
2296,566,1,5.35,Lost
2213,492,1,5.3,Lost
3345,91,1,5.2,Loyal
4142,43,1,4.9,Loyal
2497,511,1,4.9,Lost
2591,385,2,4.8,At Risk
4419,7,1,4.6,Loyal
4062,398,1,4.6,At Risk
3362,578,1,4.6,Lost
4386,113,1,4.5,Loyal
1592,397,1,4.4,At Risk
3490,174,1,4.4,Potential
2248,288,1,4.4,At Risk
2668,394,1,4.2,At Risk
3503,31,1,4.1,Loyal
1626,315,1,4.1,At Risk
3858,278,1,4.0,At Risk
3723,291,1,3.9,At Risk
3780,674,1,3.7,Lost
3990,593,1,3.7,Lost
1093,277,1,3.65,At Risk
4151,58,1,3.6,Loyal
1414,220,1,3.4,Potential
3625,439,1,3.4,At Risk
4023,343,1,3.4,At Risk
4816,152,1,3.2,Potential
4926,405,1,2.9,At Risk
1314,481,1,2.9,Lost
1039,213,1,2.7,Potential
3162,207,1,2.6,Potential
2640,252,1,2.4,Potential
3949,273,1,2.1,At Risk
1560,593,1,1.9,Lost
1221,410,1,1.7,At Risk
4029,429,1,1.6,At Risk
1250,448,1,1.3,At Risk
4565,0,1,1.1,Loyal
